.,.,.,.,.,.,.,.,.,.,.,.,.,.,.,.,.,.,.,.,.,.,.,.,.,.,.,.,.,.,.,.,.,.,.,.,.,.,.,.,.,.,.,.,.,.,.,4986,4987,4988,.,.,.,5012,5013,.,.,.,.,.,.,.,.,.,.,.,.,.,.,.,.,.,.,.,.,.,.,.,.,.,.,.,.,.,.,.,.,.,.,.,6237,6236,.,.,.,6206,6205,.,.,.,.,.,.,.,.,.,.,.,.,.,.,.,.,.,.,.,.,.,.,.,.,.,.,.,.,.,.,.,.,.,.,.,.,.,.,.,.,.,.,.
.,.,.,.,.,.,.,.,.,.,.,.,.,.,.,.,.,.,.,.,.,.,.,.,.,.,.,.,.,.,.,.,.,.,.,.,.,.,.,.,.,.,.,.,.,.,.,4985,4984,4989,.,.,5010,5011,5014,.,.,.,.,.,.,.,.,.,.,.,.,.,.,.,.,.,.,.,.,.,.,.,.,.,.,.,.,.,.,.,.,.,.,.,6238,6235,.,6219,6218,6207,6204,.,.,.,.,.,.,.,.,.,.,.,.,.,.,.,.,.,.,.,.,.,.,.,.,.,.,.,.,.,.,.,.,.,.,.,.,.,.,.,.,.,.,.
.,.,.,.,.,.,.,.,.,.,.,.,.,.,.,.,.,.,.,.,.,.,.,.,.,.,.,.,.,.,.,.,.,.,.,.,.,.,.,.,.,.,.,.,.,.,.,4982,4983,4990,4991,.,5009,5008,5015,5016,.,.,.,.,.,.,.,.,.,.,.,.,.,.,.,.,.,.,.,.,.,.,.,.,.,.,.,.,.,.,.,6244,6243,6242,6239,6234,6233,6220,6217,6208,6203,6202,.,.,.,.,.,.,.,.,.,.,.,.,.,.,.,.,.,.,.,.,.,.,.,.,.,.,.,.,.,.,.,.,.,.,.,.,.,.,.,.,.,.
.,.,.,.,.,.,.,.,.,.,.,.,.,.,.,.,.,.,.,.,.,.,.,.,.,.,.,.,.,.,.,.,.,.,.,.,.,.,.,.,.,.,.,.,.,.,.,4981,4980,4979,4992,4993,.,5007,5006,5017,5018,.,.,.,.,.,.,.,.,.,.,.,.,.,.,.,.,.,.,6241,6242,.,6256,6257,.,.,.,.,.,.,.,6245,6246,6241,6240,6231,6232,6221,6216,6209,6200,6201,.,.,.,.,.,.,.,.,.,.,.,.,.,.,.,.,.,.,.,.,.,.,.,.,.,.,.,.,.,.,.,.,.,.,.,.,.,.,.,.,.,.
.,.,.,.,.,.,.,.,.,.,.,.,.,.,.,.,.,.,.,.,.,.,.,.,.,.,.,.,.,.,.,.,.,.,.,.,.,.,.,.,.,.,.,.,.,.,4973,4974,.,4978,4995,4994,5001,5002,5005,5020,5019,.,.,.,.,.,.,.,.,.,.,.,.,.,6225,6226,.,.,6239,6240,6243,.,6255,6258,.,.,.,.,.,.,.,.,6247,6248,6249,6230,6229,6222,6215,6210,6199,6194,6193,.,.,.,.,.,.,.,.,.,.,.,.,.,.,.,.,.,.,.,.,.,.,.,.,.,.,.,.,.,.,.,.,.,.,.,.,.,.,.,.,.
.,.,.,.,.,.,.,.,.,.,.,.,.,.,.,.,.,.,.,.,.,.,.,.,.,.,.,.,.,.,.,.,.,.,.,.,.,.,.,.,.,.,4950,4951,4952,.,4972,4975,4976,4977,4996,.,5000,5003,5004,5021,5022,.,.,.,.,.,.,.,.,.,.,.,.,.,6224,6227,6228,6229,6238,6245,6244,6253,6254,6259,.,.,.,.,.,.,.,.,6258,6257,6250,6251,6228,6223,6214,6211,6198,6195,6192,6191,.,.,.,.,.,.,.,.,.,.,.,.,.,.,.,.,.,.,.,.,.,.,.,.,.,.,.,.,.,.,.,.,.,.,.,.,.,.,.,.
.,.,.,.,.,.,.,.,.,.,.,.,.,.,.,.,.,.,.,.,.,.,.,.,.,.,.,.,.,.,.,.,.,.,.,.,.,.,.,.,4929,4930,4949,4948,4953,4954,4971,4970,4969,4968,4997,4998,4999,5036,5035,5024,5023,.,.,.,.,.,.,.,.,.,.,.,.,.,6223,6222,6231,6230,6237,6246,6251,6252,6261,6260,6375,6374,6371,6370,6367,6366,6261,6260,6259,6256,6255,6252,6227,6224,6213,6212,6197,6196,6189,6190,6085,6084,.,.,6073,6072,.,.,.,.,.,.,.,.,.,.,.,.,.,.,.,.,.,.,.,.,.,.,.,.,.,.,.,.,.,.,.,.,.,.
.,.,.,.,.,.,.,.,.,.,.,.,.,.,.,.,.,.,.,.,.,.,.,.,.,.,.,.,.,.,.,.,.,.,.,.,.,.,.,4927,4928,4931,4932,4947,4946,4955,4956,.,4966,4967,5042,5041,5038,5037,5034,5025,5026,.,.,.,.,.,.,.,.,.,.,.,.,6219,6220,6221,6232,6233,6236,6247,6250,6263,6262,.,6376,6373,6372,6369,6368,6365,6262,6263,6264,6265,6254,6253,6226,6225,6178,6179,6182,6183,6188,6187,6086,6083,6078,6077,6074,6071,6068,6067,.,.,.,.,.,.,.,.,.,.,.,.,.,.,.,.,.,.,.,.,.,.,.,.,.,.,.,.,.,.,.,.
.,.,.,.,.,.,.,.,.,.,.,.,.,.,.,.,.,.,.,.,.,.,.,.,.,.,.,.,.,.,.,.,.,.,.,.,.,.,.,4926,4925,4924,4933,4934,4945,4944,4957,4964,4965,5044,5043,5040,5039,.,5033,5028,5027,.,.,.,.,.,.,.,.,.,.,.,.,6218,6217,6214,6213,6234,6235,6248,6249,6264,6265,6266,6377,6382,6383,6384,6385,6364,.,6296,6295,6266,6267,6268,6269,6176,6177,6180,6181,6184,6185,6186,6087,6082,6079,6076,6075,6070,6069,6066,.,.,.,.,.,.,.,.,.,.,.,.,.,.,.,.,.,.,.,.,.,.,.,.,.,.,.,.,.,.,.,.
.,.,.,.,.,.,.,.,.,.,.,.,.,.,.,.,.,.,.,.,.,.,.,.,.,.,.,.,.,.,.,.,.,.,.,.,.,.,4828,4829,4830,4923,4922,4935,.,4943,4958,4963,4962,5045,5046,5047,5048,.,5032,5029,.,.,.,.,.,.,.,.,.,.,.,.,.,.,6216,6215,6212,6211,6210,6271,6270,6269,6268,6267,6378,6381,6388,6387,6386,6363,6362,6297,6294,6293,6272,6271,6270,6175,6170,6169,6164,6163,6162,6089,6088,6081,6080,6061,6062,6063,6064,6065,.,.,.,.,.,.,.,.,.,.,.,.,.,.,.,.,.,.,.,.,.,.,.,.,.,.,.,.,.,.,.,.
.,.,.,.,.,.,.,.,.,.,.,.,.,.,.,.,.,.,.,.,.,.,.,.,.,.,.,.,.,.,.,.,.,.,.,.,4815,4816,4827,4826,4831,4920,4921,4936,4941,4942,4959,4960,4961,5064,5063,5062,5049,5050,5031,5030,.,.,.,.,.,.,.,.,.,.,.,.,.,.,6205,6206,6207,6208,6209,6272,6273,6278,6279,6280,6379,6380,6389,6390,6391,6360,6361,6298,6291,6292,6273,6274,6275,6174,6171,6168,6165,6160,6161,6090,6091,6058,6059,6060,.,6026,6025,5978,5977,.,.,.,.,.,.,.,.,.,.,.,.,.,.,.,.,.,.,.,.,.,.,.,.,.,.,.,.,.,.,.
.,.,.,.,.,.,.,.,.,.,.,.,.,.,.,.,.,.,.,.,.,.,.,.,.,.,.,.,.,.,.,.,.,.,.,4813,4814,4817,4824,4825,4832,4919,4918,4937,4940,4905,4904,4903,4902,5065,5066,5061,5060,5051,5052,5053,5054,.,.,.,.,.,.,.,.,.,.,.,.,.,6204,6203,6202,6201,6200,6199,6274,6277,6282,6281,.,.,6340,6341,6392,6359,6358,6299,6290,6289,6278,6277,6276,6173,6172,6167,6166,6159,6158,6093,6092,6057,6056,.,6028,6027,6024,5979,5976,.,.,.,.,.,.,.,.,.,.,.,.,.,.,.,.,.,.,.,.,.,.,.,.,.,.,.,.,.,.,.
.,.,.,.,.,.,.,.,.,.,.,.,.,.,.,.,.,.,.,.,.,.,.,4382,4383,4384,.,.,.,.,.,.,.,.,.,4812,4811,4818,4823,4822,4833,.,4917,4938,4939,4906,4899,4900,4901,5068,5067,.,5059,5058,5057,5056,5055,5162,5163,.,.,.,5571,5572,.,.,.,.,.,6156,6157,.,6193,6194,6197,6198,6275,6276,6283,6284,6313,6314,6339,6342,6393,6394,6357,6300,6301,6288,6279,6280,6281,6152,6153,6154,6155,6156,6157,6094,6095,6054,6055,6030,6029,6022,6023,5980,5975,5974,5973,5972,.,.,.,.,.,.,.,.,.,.,.,.,.,.,.,.,.,.,.,.,.,.,.,.,.,.,.,.
.,.,.,.,.,.,.,.,.,.,.,.,.,.,.,.,.,.,.,.,.,.,.,4381,4380,4385,4386,4387,.,4411,4412,.,4454,4455,4456,.,4810,4819,4820,4821,4834,4835,4916,4913,4912,4907,4898,4897,4896,5069,5072,5073,.,5079,5080,.,5160,5161,5164,.,.,.,5570,5573,.,6135,6136,.,6154,6155,6158,6159,6192,6195,6196,6185,6184,6287,6286,6285,6312,6315,6338,6343,.,6395,6356,.,6302,6287,.,6283,6282,6151,6150,6149,6148,6147,6098,6097,6096,6053,6052,6031,6020,6021,5982,5981,5968,5969,5970,5971,.,.,.,.,.,.,.,.,.,.,.,.,.,.,.,.,.,.,.,.,.,.,.,.,.,.,.,.
.,.,.,.,.,.,.,.,.,.,.,.,.,.,.,.,.,.,.,.,.,.,.,.,4379,4378,4389,4388,4409,4410,4413,4414,4453,4452,4457,4458,4809,4808,4807,4806,4837,4836,4915,4914,4911,4908,4893,4894,4895,5070,5071,5074,5075,5078,5081,5158,5159,5166,5165,5550,5551,.,5569,5574,6133,6134,6137,6138,6153,6152,6151,6160,6191,6190,6187,6186,6183,6288,6293,6294,6311,6316,6337,6344,6345,6396,6355,6304,6303,6286,6285,6284,6311,6312,6141,6142,6145,6146,6099,6048,6049,6050,6051,6032,6019,6018,5983,5984,5967,5964,5963,5962,.,.,.,.,.,.,.,.,.,.,.,.,.,.,.,.,.,.,.,.,.,.,.,.,.,.,.,.
.,.,.,.,.,.,.,.,.,.,.,.,.,.,.,.,.,.,.,.,.,.,.,.,.,4377,4390,4391,4408,4407,4416,4415,.,4451,4450,4459,4460,4461,4804,4805,4838,4839,4852,4853,4910,4909,4892,4891,4890,4889,5088,5087,5076,5077,5082,5157,5156,5167,.,5549,5552,5567,5568,5575,6132,6129,6128,6139,6140,6149,6150,6161,.,6189,6188,6181,6182,6289,6292,6295,6310,6317,6336,6335,6346,6397,6354,6305,6306,6307,6308,6309,6310,6313,6140,6143,6144,6101,6100,6047,6044,6043,6034,6033,6016,6017,5986,5985,5966,5965,5960,5961,.,.,.,.,.,5663,5662,.,.,5645,5644,.,.,.,.,.,.,.,.,.,.,.,.,.,.,.,.,.
.,.,.,.,.,.,.,.,.,.,.,.,.,.,.,.,.,.,.,.,.,.,.,4374,4375,4376,4393,4392,.,4406,4417,4446,4447,4448,4449,4466,4465,4462,4803,4802,4801,4840,4851,4854,4855,.,4867,4868,4869,4888,5089,5086,5085,5084,5083,5154,5155,5168,5169,5548,5553,5566,5565,5576,6131,6130,6127,6126,6141,6148,6147,6162,6167,6168,.,6180,6179,6290,6291,6296,6309,6318,6333,6334,6347,6398,6353,6352,6351,6350,6343,6342,6315,6314,6139,6122,6121,6102,6103,6046,6045,6042,6035,6014,6015,.,5987,5956,5957,5958,5959,.,.,.,.,.,.,5664,5661,5652,5651,5646,5643,5642,.,.,.,.,.,.,.,.,.,.,.,.,.,.,.,.
.,.,.,.,.,.,.,.,.,.,.,.,.,.,.,.,.,.,.,.,.,.,.,4373,4372,4371,4394,4395,4396,4405,4418,4445,4444,4443,4442,4467,4464,4463,4792,4793,4800,4841,4850,4857,4856,4865,4866,4871,4870,4887,5090,.,5150,5151,5152,5153,5172,5171,5170,5547,5554,5563,5564,5577,5578,5579,6124,6125,6142,.,6146,6163,6166,6169,6172,6173,6178,6177,6298,6297,6308,6319,6332,6331,6348,6399,6400,6401,6348,6349,6344,6341,6316,6317,6138,6123,6120,6119,6104,6105,6040,6041,6036,6013,6012,6011,5988,5955,5950,5949,5944,5943,5940,5939,.,5669,5668,5665,5660,5653,5650,5647,5640,5641,.,.,.,.,.,.,.,.,.,.,.,.,.,.,.,.
.,.,.,.,.,.,.,.,.,.,.,.,.,.,.,.,.,.,.,.,.,.,.,.,.,4370,4369,4398,4397,4404,4419,4424,4425,4440,4441,4468,4469,4790,4791,4794,4799,4842,4849,4858,4859,4864,4873,4872,4885,4886,5091,5092,5149,5180,5179,5178,5173,5174,5545,5546,5555,5562,5561,5582,5581,5580,6123,6122,6143,6144,6145,6164,6165,6170,6171,6174,6175,6176,6299,6300,6307,6320,6321,6330,6349,6352,6353,6402,6347,6346,6345,6340,6319,6318,6137,6124,6117,6118,6107,6106,6039,6038,6037,6008,6009,6010,5989,5954,5951,5948,5945,5942,5941,5938,5671,5670,5667,5666,5659,5654,5649,5648,5639,5638,5637,.,.,.,.,.,.,.,.,.,.,.,.,.,.,.
.,.,.,.,.,.,.,.,.,.,.,.,.,.,.,.,.,.,.,.,.,.,.,.,.,4367,4368,4399,4400,4403,4420,4423,4426,4439,4438,4437,4470,4789,4788,4795,4798,4843,4848,4847,4860,4863,4874,.,4884,5095,5094,5093,5148,5181,5182,5177,5176,5175,5544,5543,5556,5559,5560,5583,5842,5843,5844,6121,6120,6119,6118,6115,6114,6113,6112,6109,6108,6107,6106,6301,6306,6323,6322,6329,6350,6351,6354,6403,6404,6405,6338,6339,6320,6321,6136,6125,6116,6109,6108,6003,6004,6005,6006,6007,5992,5991,5990,5953,5952,5947,5946,5935,5936,5937,5672,5673,5674,5675,5658,5655,5632,5633,5634,5635,5636,.,.,.,.,.,.,.,.,.,.,.,.,.,.,.
.,.,.,.,.,.,.,.,.,.,.,.,.,.,.,.,.,.,.,.,.,.,.,4364,4365,4366,4353,4352,4401,4402,4421,4422,4427,4428,4429,4436,4471,4786,4787,4796,4797,4844,4845,4846,4861,4862,4875,4876,4883,5096,5117,5118,5147,5146,5183,5184,5187,5188,.,5542,5557,5558,5585,5584,5841,5840,5845,5926,5927,5928,6117,6116,6095,6096,6111,6110,6101,6102,6105,6302,6305,6324,6327,6328,6357,6356,6355,6408,6407,6406,6337,6336,6335,6322,6135,6126,6115,6110,6111,6002,.,5998,5997,.,5993,5928,5929,5930,5931,5932,5933,5934,.,5680,5679,5678,5677,5676,5657,5656,5631,5622,5621,.,5611,5610,5609,5608,.,.,.,.,.,.,.,.,.,.,.,.
.,.,.,.,.,.,.,.,.,.,.,.,.,.,.,.,4132,4133,4138,4139,4140,.,4362,4363,4358,4357,4354,4351,4348,4347,4346,4345,4344,4343,4430,4435,4472,4785,4784,4783,4782,4781,4780,4779,4778,4777,4776,4877,4882,5097,5116,5119,.,5145,5144,5185,5186,5189,5190,5541,5540,5587,5586,5837,5838,5839,5846,5925,5924,5929,5930,5931,6094,6097,6098,6099,6100,6103,6104,6303,6304,6325,6326,6359,6358,6677,6678,6409,6410,6413,6414,6333,6334,6323,6134,6127,6114,6113,6112,6001,6000,5999,5996,5995,5994,5927,.,5835,5834,5831,5830,5727,5726,5681,5682,5683,5684,5685,5686,5629,5630,5623,5620,5619,5612,5605,5606,5607,.,.,.,.,.,.,.,.,.,.,.,.
.,.,.,.,.,.,.,.,.,.,.,.,.,.,.,.,4131,4134,4137,4142,4141,.,4361,4360,4359,4356,4355,4350,4349,4338,4339,4340,4341,4342,4431,4434,4473,4482,4483,4510,4511,4518,4519,4520,4773,4774,4775,4878,4881,5098,5115,5120,5121,5142,5143,5196,5195,5192,5191,5538,5539,5588,5589,5836,5849,5848,5847,.,5923,5922,5933,5932,6093,6092,6091,6090,6089,6088,6365,6364,6363,6362,6361,6360,6675,6676,6679,6680,6411,6412,6415,6332,6325,6324,6133,6128,5901,5902,5903,5912,5913,5914,5915,5920,5921,5926,5925,5836,5833,5832,5829,5728,5725,5722,5721,5692,5691,5688,5687,5628,5627,5624,5617,5618,5613,5604,5601,5600,5597,5596,.,.,.,.,.,.,.,.,.,.
.,.,.,.,.,.,.,.,.,.,.,.,.,.,.,4129,4130,4135,4136,4143,4144,4207,4208,4209,4210,4211,.,4303,4304,4337,4336,4335,4334,4333,4432,4433,4474,4481,4484,4509,4512,4517,4522,4521,4772,4771,4770,4879,4880,5099,5114,5123,5122,5141,5198,5197,5194,5193,5536,5537,5592,5591,5590,5835,5850,5851,.,5917,5918,5921,5934,5941,5942,6083,6084,6085,6086,6087,6366,6367,6378,6379,6386,6387,6674,6673,6682,6681,6418,6417,6416,6331,6326,6327,6132,6129,5900,5899,5904,5911,5910,5909,5916,5919,5922,5923,5924,5837,5838,5827,5828,5729,5724,5723,5720,5693,5690,5689,5568,5569,5626,5625,5616,5615,5614,5603,5602,5599,5598,5595,5594,5593,.,.,.,.,.,.,.,.
.,.,.,.,.,.,.,.,.,.,.,.,.,.,.,4128,4127,4148,4147,4146,4145,4206,4205,4204,4203,4212,4301,4302,4305,4308,4309,4312,4313,4332,4331,4330,4475,4480,4485,4508,4513,4516,4523,4524,4767,4768,4769,5102,5101,5100,5113,5124,5139,5140,5199,5202,5203,.,5535,5534,5593,5596,5597,5834,5853,5852,5915,5916,5919,5920,5935,5940,5943,6082,6081,6080,6079,6078,6369,6368,6377,6380,6385,6388,6671,6672,6683,6684,6419,6422,6423,6330,6329,6328,6131,6130,5897,5898,5905,5906,5907,5908,5917,5918,5847,5846,5845,5840,5839,5826,5731,5730,5717,5718,5719,5694,5695,5566,5567,5570,5571,5572,5573,5574,5575,5580,5581,5584,5585,5590,5591,5592,.,.,.,.,.,.,.,.
.,.,.,.,.,.,.,.,.,.,.,.,.,.,.,4125,4126,4149,4150,4151,4152,.,4198,4199,4202,4213,4300,4299,4306,4307,4310,4311,4314,4315,4328,4329,4476,4479,4486,4507,4514,4515,4526,4525,4766,4765,4764,5103,5104,5105,5112,5125,5138,5137,5200,5201,5204,5205,5532,5533,5594,5595,5598,5833,5854,5855,5914,5913,5912,5911,5936,5939,5944,6055,6056,.,6076,6077,6370,6371,6376,6381,6384,6389,6670,6669,6686,6685,6420,6421,6424,6425,6428,6429,6432,6433,5896,5895,5894,5887,5886,.,5860,5859,5848,5849,5844,5841,5824,5825,5732,5733,5716,.,5698,5697,5696,5565,5564,5563,5562,5561,5560,5559,5576,5579,5582,5583,5586,5589,.,.,.,.,.,.,.,.,.,.
.,.,.,.,.,.,.,.,.,.,.,.,.,.,.,4124,4123,4156,4155,4154,4153,4196,4197,4200,4201,4214,.,4298,4297,4296,4293,4292,4317,4316,4327,4326,4477,4478,4487,4506,4505,4528,4527,.,4611,4612,4763,4762,4761,5106,5111,5126,.,5136,5135,5208,5207,5206,5531,5530,5601,5600,5599,5832,5857,5856,5861,5862,5909,5910,5937,5938,5945,6054,6057,6058,6075,6074,6073,6372,6375,6382,6383,6390,6391,6668,6687,6690,6691,6692,.,6426,6427,6430,6431,6434,6435,5892,5893,5888,5885,5884,5861,5858,5857,5850,5843,5842,5823,5736,5735,5734,5715,5714,5699,5700,5701,5552,5553,5554,5555,5556,5557,5558,5577,5578,.,.,5587,5588,.,.,.,.,.,.,.,.,.,.
.,.,.,.,.,.,.,.,.,.,.,.,.,.,.,.,4122,4157,4158,4163,4164,4195,4194,4193,4192,4215,4218,4219,.,4295,4294,4291,4318,4321,4322,4325,4490,4489,4488,4503,4504,4529,4576,4577,4610,4613,.,4759,4760,5107,5110,5127,5130,5131,5134,5209,5524,5525,5528,5529,5602,5621,5622,5831,5858,5859,5860,5863,5908,5907,5948,5947,5946,6053,6052,6059,6060,6071,6072,6373,6374,6395,6394,6393,6392,6667,6688,6689,6694,6693,6562,6561,.,6439,6438,6437,6436,5891,5890,5889,5882,5883,5862,5855,5856,5851,5820,5821,5822,5737,5738,5739,5712,5713,5704,5703,5702,5551,5550,5549,5548,5547,5524,5523,.,5517,5516,5513,5512,.,.,.,.,.,.,.,.,.,.,.
.,.,.,.,.,.,.,.,.,.,.,.,.,4112,4113,.,4121,4120,4159,4162,4165,.,4189,4190,4191,4216,4217,4220,4221,.,4289,4290,4319,4320,4323,4324,4491,4492,4493,4502,4531,4530,4575,4578,4609,4614,4615,4758,4757,5108,5109,5128,5129,5132,5133,5210,5523,5526,5527,5604,5603,5620,5623,5830,5829,5828,5827,5864,5905,5906,5949,.,6049,6050,6051,6062,6061,6070,6409,6408,6407,6396,6397,6398,6665,6666,6697,6696,6695,6564,6563,6560,6559,6440,6443,6444,6445,6446,5877,5878,5881,5864,5863,5854,5853,5852,5819,5818,5817,5816,5741,5740,5711,5706,5705,5540,5541,5542,5543,5544,5545,5546,5525,5522,5519,5518,5515,5514,5511,.,.,.,.,.,.,.,.,.,.,.
.,.,.,.,.,.,.,.,.,.,4106,4107,4108,4111,4114,4117,4118,4119,4160,4161,4166,4167,4188,4187,4186,4185,4184,4183,4222,4223,4288,4285,4284,4283,4282,4281,4280,4495,4494,4501,4532,4573,4574,4579,4608,4617,4616,.,4756,4755,4754,5215,5214,5213,5212,5211,5522,5521,5606,5605,.,5619,5624,.,5820,5821,5826,5865,5904,5903,5950,5951,6048,6047,6046,6063,.,6069,6410,.,6406,6405,6400,6399,6664,6699,6698,6727,6728,6565,6566,6567,6558,6441,6442,6449,6448,6447,5876,5879,5880,5865,5866,5867,5810,5811,5812,5813,5814,5815,5742,5743,5710,5707,5538,5539,5534,5533,5530,5529,5528,5527,5526,5521,5520,5507,5508,5509,5510,.,.,.,.,.,.,.,.,.,.,.
.,.,.,.,.,.,.,.,.,.,4105,4104,4109,4110,4115,4116,4091,4090,4089,4088,4169,4168,4173,4174,.,4178,4179,4182,4225,4224,4287,4286,4241,4242,4275,4276,4279,4496,4499,4500,4533,4572,4581,4580,4607,4618,4631,4632,4751,4752,4753,5216,5217,5218,5219,5242,5243,5520,5607,5614,5615,5618,5625,5818,5819,5822,5825,5866,.,5902,5953,5952,6043,6044,6045,6064,6065,6068,6411,6412,6413,6404,6401,6662,6663,6700,.,6726,6729,6730,.,6568,6557,6522,6521,6450,6451,6452,5875,5874,.,5870,5869,5868,5809,5790,5789,5784,5783,5778,5777,5744,5709,5708,5537,5536,5535,5532,5531,5482,5483,5484,5485,5486,5487,5506,5505,.,.,.,.,.,.,.,.,.,.,.,.,.
.,.,.,.,.,.,.,.,.,.,.,4103,4102,4097,4096,4093,4092,.,4086,4087,4170,4171,4172,4175,4176,4177,4180,4181,4226,4227,.,4239,4240,4243,4274,4277,4278,4497,4498,4535,4534,4571,4582,4605,4606,4619,4630,4633,4750,4749,4748,5223,5222,5221,5220,5241,5244,5519,5608,5613,5616,5617,5626,5817,5816,5823,5824,5867,5900,5901,5954,.,6042,6041,6040,6039,6066,6067,6416,6415,6414,6403,6402,6661,6660,6701,6724,6725,6732,6731,6570,6569,6556,6523,6520,6487,6486,6453,6454,5873,5872,5871,5806,5807,5808,5791,5788,5785,5782,5779,5776,5745,5460,5461,5462,5463,5464,5467,5468,5481,5480,5479,5478,5477,5488,5503,5504,.,.,.,.,.,.,.,.,.,.,.,.,.
.,.,.,.,.,.,.,.,.,.,.,.,4101,4098,4095,4094,.,4084,4085,4080,4079,4078,4077,4076,4075,4074,4071,4070,4069,4228,4229,4238,4237,4244,4273,4272,4271,4270,4269,4536,.,4570,4583,4604,4603,4620,4629,4634,4635,4746,4747,5224,5225,5228,5229,5240,5245,5518,5609,5612,5629,5628,5627,.,5815,5870,5869,5868,5899,5898,5955,5956,5993,5994,5995,6038,6037,6418,6417,6470,6471,.,6487,6488,6659,6702,6723,6722,6733,.,6571,6572,6555,6524,6519,6488,6485,.,6455,6456,6457,6458,5805,5794,5793,5792,5787,5786,5781,5780,5775,5746,5459,5458,5449,5448,5465,5466,5469,5470,5471,5472,5473,5476,5489,5502,5501,5500,5499,.,.,.,.,.,.,.,.,.,.,.
.,.,.,.,.,.,.,.,.,.,.,.,4100,4099,.,3843,3844,4083,4082,4081,3986,3987,3988,3989,3990,4073,4072,.,4068,4067,4230,4231,4236,4245,.,4255,4256,4267,4268,4537,4538,4569,4584,4585,4602,4621,4628,4637,4636,4745,4744,4743,5226,5227,5230,5239,5246,5517,5610,5611,5630,5653,5654,5813,5814,5871,5884,5885,5896,5897,5958,5957,5992,5991,5996,6035,6036,6419,6420,6469,6472,6485,6486,6489,6658,6703,6704,6721,6734,6735,6574,6573,6554,6525,6518,6489,6484,6469,6468,6467,6460,6459,5804,5795,5768,5769,5770,5771,5772,5773,5774,5747,5456,5457,5450,5447,5444,5443,5442,5441,5432,5431,5474,5475,5490,5491,5496,5497,5498,.,.,.,.,.,.,.,.,.,.,.
.,.,.,.,.,.,.,.,.,.,.,.,.,.,.,3842,3845,3848,3849,3850,3985,3982,3981,3992,3991,4004,4005,4060,4061,4066,4065,4232,4235,4246,4253,4254,4257,4266,4265,4540,4539,4568,4587,4586,4601,4622,4627,4638,4643,4644,.,4742,4741,5232,5231,5238,5247,5516,5633,5632,5631,5652,5655,5812,5811,5872,5883,5886,5895,5894,5959,5986,5987,5990,5997,6034,6423,6422,6421,6468,6473,6484,6483,6490,6657,6706,6705,6720,6719,6734,6575,6552,6553,6526,6517,6490,6483,6470,6471,6466,6461,5802,5803,5796,5767,5764,5763,5754,5753,5752,5751,5748,5455,5452,5451,5446,5445,5438,5439,5440,5433,5430,5429,5428,.,5492,5495,.,.,.,.,.,.,.,.,.,.,.,.,.
.,.,.,.,.,.,.,.,.,.,.,.,3804,3805,3840,3841,3846,3847,3852,3851,3984,3983,3980,3993,4002,4003,4006,4059,4062,4063,4064,4233,4234,4247,4252,4251,4258,4263,4264,4541,4566,4567,4588,4589,4600,4623,4626,4639,4642,4645,4736,4737,4740,5233,5236,5237,5248,5515,5634,5635,5650,5651,5656,5657,5810,5873,5882,5887,5892,5893,5960,5985,5988,5989,5998,6033,6424,6425,6426,6467,6474,6475,6482,6491,6656,6707,6708,6717,6718,6733,6576,6551,6550,6527,6516,6491,6482,6481,6472,6465,6462,5801,5800,5797,5766,5765,5762,5755,5354,5355,5750,5749,5454,5453,5410,5411,5412,5437,5436,5435,5434,5425,5426,5427,.,5493,5494,.,.,.,.,.,.,.,.,.,.,.,.,.
.,.,.,.,.,.,.,.,.,.,3797,3798,3803,3806,3839,3838,3837,3836,3853,3854,3975,3976,3979,3994,4001,4000,4007,4058,4057,4054,4053,4050,4049,4248,4249,4250,4259,4262,4543,4542,4565,4564,.,4590,4599,4624,4625,4640,4641,4646,4735,4738,4739,5234,5235,5250,5249,5514,5513,5636,5649,.,5659,5658,5809,5874,5881,5888,5891,5962,5961,5984,6001,6000,5999,6032,6429,6428,6427,6466,6465,6476,6481,6492,6655,6710,6709,6716,6715,6732,6577,6548,6549,6528,6515,6492,6479,6480,6473,6464,6463,.,5799,5798,.,5760,5761,5756,5353,5356,5357,5358,5403,5404,5409,5408,5413,5414,5417,5418,5423,5424,.,.,.,.,5241,5240,.,.,.,.,.,.,.,.,.,.,.,.
.,.,.,.,.,.,.,.,3794,3795,3796,3799,3802,3807,3810,3811,.,3835,3834,3855,3974,3977,3978,3995,3998,3999,4008,4009,4056,4055,4052,4051,4048,4047,4046,4045,4260,4261,4544,4545,4546,4563,4562,4591,4598,4597,4650,4649,4648,4647,4734,4733,4732,.,5252,5251,5256,5257,5512,5637,5648,5647,5660,5661,5808,5875,5880,5889,5890,5963,5964,5983,6002,6003,6004,6031,6430,6431,6462,6463,6464,6477,6480,6493,6654,6711,6712,6713,6714,6731,6578,6547,6546,6529,6514,6493,6478,6477,6474,5325,5326,5327,.,5333,5334,5759,5758,5757,5352,5351,5350,5359,5402,5405,5406,5407,.,5415,5416,5419,5422,5385,5384,.,5248,5247,5242,5239,.,.,.,.,.,.,.,.,.,.,.,.
.,.,.,.,.,.,3759,3760,3793,3792,3791,3800,3801,3808,3809,3812,3831,3832,3833,3856,3973,3972,3971,3996,3997,3960,3959,4010,.,4024,4025,4026,4027,4028,4029,4044,4043,4042,4041,4040,4547,4560,4561,4592,4595,4596,4651,4652,4679,4680,4683,4684,4731,4730,5253,5254,5255,5258,5511,5638,5645,5646,5663,5662,5807,5876,5879,5970,5969,5968,5965,5982,6007,6006,6005,6030,6433,6432,6461,6500,6499,6478,6479,6494,6653,6652,6651,6728,6729,6730,6579,.,6545,6530,6513,6494,.,6476,6475,5324,5323,5328,5331,5332,5335,5342,5343,5344,5345,5348,5349,5360,5401,5400,5399,5396,5395,5392,5391,5420,5421,5386,5383,5382,5249,5246,5243,5238,.,5234,5233,.,.,.,.,.,.,.,.,.
.,.,.,.,.,.,3758,3761,.,.,3790,3789,3788,3787,3786,3813,3830,3829,3828,3857,3858,3969,3970,3965,3964,3961,3958,4011,4012,4023,4022,4021,4020,4019,4030,4033,4034,4035,4036,4039,4548,4559,.,4593,4594,4655,4654,4653,4678,4681,4682,4685,4728,4729,.,5261,5260,5259,5510,5639,5644,.,5664,5805,5806,5877,5878,5971,5972,5967,5966,5981,6008,6025,6026,6029,6434,6435,6460,6501,6498,6497,6496,6495,6644,6645,6650,6727,6726,6725,6580,6581,6544,6531,6512,6495,5318,5319,5320,5321,5322,5329,5330,5337,5336,5341,5288,5287,5346,5347,.,5361,5362,5363,5398,5397,5394,5393,5390,5389,5388,5387,5380,5381,5250,5245,5244,5237,5236,5235,5232,5231,.,.,.,.,.,.,.,.
.,.,3751,3752,.,.,3757,3762,3765,3766,.,3782,3783,3784,3785,3814,3815,3826,3827,3860,3859,3968,3967,3966,3963,3962,3957,3956,4013,4014,4015,4016,4017,4018,4031,4032,3929,3928,4037,4038,4549,4558,4557,4556,4657,4656,4667,4668,4677,4688,4687,4686,4727,.,5263,5262,5507,5508,5509,5640,5643,5666,5665,5804,5803,5802,5799,5798,5973,5974,5975,5980,6009,6024,6027,6028,.,6436,6459,6502,6503,6504,6637,6638,6643,6646,6649,6722,6723,6724,6583,6582,6543,6532,6511,6496,5317,5316,5307,5306,5299,5298,5297,5338,5339,5340,5289,5286,5285,5284,5283,5282,.,5364,5365,5368,5369,5370,5373,5374,5377,5378,5379,5252,5251,5222,5223,5224,5225,5228,5229,5230,.,.,.,.,.,.,.,.
.,.,3750,3753,3754,3755,3756,3763,3764,3767,3768,3781,3780,3779,3778,3817,3816,3825,3824,3861,3864,3865,3868,3869,3872,3873,.,3955,3954,3953,3950,3949,3948,3947,3946,3945,3930,3927,3922,3921,4550,4551,4554,4555,4658,4665,4666,4669,4676,4689,4694,4695,4726,4725,5264,5265,5506,5505,.,5641,5642,5667,5708,5709,5710,5801,5800,5797,5796,.,5976,5979,6010,6023,6440,6439,6438,6437,6458,6457,6506,6505,6636,6639,6642,6647,6648,6721,6720,6585,6584,6541,6542,6533,6510,6497,5314,5315,5308,5305,5300,5301,5296,5295,5292,5291,5290,5277,5278,5279,5280,5281,5270,5269,5366,5367,.,5371,5372,5375,5376,5259,5258,5253,5220,5221,.,.,5226,5227,.,.,.,.,.,.,.,.,.,.
.,.,3749,3748,3747,3746,3735,3734,3733,3732,3769,3772,3773,3776,3777,3818,3819,3822,3823,3862,3863,3866,3867,3870,3871,3874,3881,3882,3883,3952,3951,3940,3941,3942,3943,3944,3931,3926,3923,3920,3919,4552,4553,.,4659,4664,4671,4670,4675,4690,4693,4696,4723,4724,5267,5266,5503,5504,5671,5670,5669,5668,5707,5706,5711,5784,5785,5786,5795,5794,5977,5978,6011,6022,6441,6450,6451,6452,6455,6456,6507,6508,6635,6640,6641,6714,6715,6718,6719,6586,6587,6540,6535,6534,6509,6498,5313,5312,5309,5304,5303,5302,.,5294,5293,5144,5145,5276,5275,5274,5273,5272,5271,5268,5267,5266,5265,5264,5263,5262,5261,5260,5257,5254,5219,5218,5217,5216,5215,.,.,.,.,.,.,.,.,.,.,.
.,.,.,3743,3744,3745,3736,3729,3730,3731,3770,3771,3774,3775,3686,3685,3820,3821,3654,3653,3652,3639,3638,3633,3632,3875,3880,3879,3884,3887,3888,3939,3938,3937,3936,3935,3932,3925,3924,3917,3918,3913,3912,3911,4660,4663,4672,4673,4674,4691,4692,4697,4722,.,5268,5501,5502,.,5672,5689,5690,5691,5704,5705,5712,5783,5782,5787,5788,5793,5792,6013,6012,6021,6442,6449,6448,6453,6454,6513,6512,6509,6634,.,6712,6713,6716,6717,6590,6589,6588,6539,6536,6507,6508,6499,6500,5311,5310,5127,5128,5129,5132,5133,.,5143,5146,5147,5148,5151,5152,5157,5158,5159,5160,5163,5164,5169,5170,5175,5176,5177,5256,5255,5200,5201,5202,5213,5214,.,.,.,.,.,.,.,.,.,.,.
.,.,.,3742,3741,3738,3737,3728,3727,3726,3725,3724,3691,3690,3687,3684,3683,3656,3655,3650,3651,3640,3637,3634,3631,3876,3877,3878,3885,3886,3889,3890,3891,3892,.,3934,3933,3898,3899,3916,3915,3914,3909,3910,4661,4662,4703,4702,4701,4700,4699,4698,4721,5270,5269,5500,5499,5674,5673,5688,5687,5692,5703,5702,5713,5780,5781,.,5789,5790,5791,6014,6015,6020,6443,6446,6447,6518,6517,6514,6511,6510,6633,6632,6711,6710,6709,6592,6591,6596,6597,6538,6537,6506,6505,6502,6501,5120,5121,5126,5125,5130,5131,5134,5135,5142,5141,5140,5149,5150,5153,5156,5081,5080,5161,5162,5165,5168,5171,5174,5179,5178,5183,5184,5199,5198,5203,5212,5211,5210,.,.,.,.,.,.,.,.,.,.
.,.,.,.,3740,3739,.,3717,3718,3719,3720,3723,3692,3689,3688,.,3682,3657,.,3649,3648,3641,3636,3635,3630,3629,3618,3617,3616,3615,3614,3601,3600,3893,3894,3895,3896,3897,3900,3903,3904,3907,3908,3515,3514,.,4704,4705,4716,4717,4718,4719,4720,5271,5272,5497,5498,5675,5676,5685,5686,5693,5694,5701,5714,5779,.,5775,5774,5771,5770,.,6016,6019,6444,6445,6520,6519,6516,6515,6628,6629,6630,6631,6706,6707,6708,6593,6594,6595,6598,6599,6600,6601,6504,6503,.,5119,5122,5123,5124,5105,5104,5103,5136,5137,5138,5139,5088,5087,5154,5155,5082,5079,5078,5077,5166,5167,5172,5173,5180,5181,5182,5185,5196,5197,5204,5207,5208,5209,.,.,.,.,.,.,.,.,.,.
.,.,.,.,.,3714,3715,3716,3707,3706,3721,3722,3693,3694,3679,3680,3681,3658,3659,3646,3647,3642,3625,3626,3627,3628,3619,.,3611,3612,3613,3602,3599,3598,3597,3596,3595,.,3901,3902,3905,3906,.,3516,3513,4708,4707,4706,4715,4714,5277,5276,5275,5274,5273,5496,5495,5494,5677,5684,5683,5682,5695,5700,5715,5778,5777,5776,5773,5772,5769,5768,6017,6018,6531,6530,6521,6522,6523,6524,6627,6626,6625,.,6705,6704,6703,6610,6609,6606,6605,6604,6603,6602,.,4578,4579,5118,5117,5112,5111,5106,5101,5102,5097,5096,5093,5092,5089,5086,5085,5084,5083,5070,5071,5076,5075,5016,5015,5012,5011,5010,5187,5186,5195,5194,5205,5206,.,.,.,.,.,.,.,.,.,.,.,.
.,.,.,.,.,3713,3712,3711,3708,3705,3704,3697,3696,3695,3678,3677,3676,3661,3660,3645,3644,3643,3624,3623,3622,3621,3620,3609,3610,3605,3604,3603,3590,3591,3592,3593,3594,3525,3524,3521,3520,3519,3518,3517,3512,4709,4710,4711,4712,4713,5278,5279,5306,5307,5312,5313,5492,5493,5678,5679,5680,5681,5696,5699,5716,5717,5742,5743,5764,5765,5766,5767,6534,6533,6532,6529,6528,6527,6526,6525,6622,6623,6624,6699,6700,6701,6702,6611,6608,6607,6616,6617,6618,4567,4568,4577,4580,4581,5116,5113,5110,5107,5100,5099,5098,5095,5094,5091,5090,5061,5062,5065,5066,5069,5072,5073,5074,5017,5014,5013,5008,5009,5188,5189,5192,5193,.,.,.,.,.,.,.,.,.,.,.,.,.,.
.,.,.,.,.,.,.,3710,3709,3702,3703,3698,3671,3672,3673,3674,3675,3662,3567,3568,3571,3572,.,3576,3577,3580,3581,3608,3607,3606,3587,3588,3589,3532,3531,3530,3527,3526,3523,3522,3477,3478,3481,3482,3511,3510,3509,3508,3507,5282,5281,5280,5305,5308,5311,5314,5491,5490,5489,5488,5487,.,5697,5698,5719,5718,5741,5744,5763,5762,5761,.,6535,6536,6539,6540,6545,6546,6551,6552,6621,6620,.,6698,6697,6660,6659,6612,6613,6614,6615,6620,6619,4566,4569,4576,4575,4582,5115,5114,5109,5108,.,5054,5055,5056,5057,5058,5059,5060,5063,5064,5067,5068,5027,5026,5019,5018,5005,5006,5007,5000,4999,5190,5191,.,.,.,.,.,.,.,.,.,.,.,.,.,.,.
.,.,.,.,.,.,.,.,.,3701,3700,3699,3670,3669,3668,3667,3664,3663,3566,3569,3570,3573,3574,3575,3578,3579,3582,3583,3584,3585,3586,3539,3538,3533,3534,3529,3528,3473,3474,3475,3476,3479,3480,3483,3502,3503,3504,3505,3506,5283,5284,5303,5304,5309,5310,5315,5482,5483,5484,5485,5486,5473,5472,5721,5720,5739,5740,5745,5746,5747,5760,5759,5758,6537,6538,6541,6544,6547,6550,6553,6554,6619,6694,6695,6696,6661,6658,6657,6638,6637,6636,6621,6622,4565,4570,4571,4574,4583,.,4587,4588,.,5052,5053,5042,5041,5038,5037,5036,5035,5034,5033,5032,5031,5028,5025,5020,5021,5004,5003,5002,5001,4998,4997,4878,4877,4872,4871,.,.,.,.,.,.,.,.,.,.,.,.
.,.,.,.,.,.,.,.,3293,3294,3297,3298,.,3306,3307,3666,3665,.,3565,3564,3563,3562,3553,3552,3551,3548,3547,3546,3545,3544,3541,3540,3537,3536,3535,3430,3431,3472,3471,3470,3469,3468,3485,3484,3501,3500,3499,3498,3497,5286,5285,5302,5319,5318,5317,5316,5481,5480,5479,5478,.,5474,5471,5722,5723,5738,5737,5736,5735,5748,5749,5756,5757,6570,6569,6542,6543,6548,6549,6556,6555,6618,6693,6692,6663,6662,6655,6656,6639,6640,6635,6624,6623,4564,4563,4572,4573,4584,4585,4586,4589,5050,5051,5044,5043,5040,5039,4958,4959,4962,4963,4968,4969,5030,5029,5024,5023,5022,4991,4992,4993,4994,4995,4996,4879,4876,4873,4870,4867,4866,.,.,.,.,.,.,.,.,.,.
.,.,.,.,.,.,.,3291,3292,3295,3296,3299,3300,3305,3308,3309,3324,3325,.,3559,3560,3561,3554,.,3550,3549,3392,3393,3394,3543,3542,3425,3426,3427,3428,3429,3432,3433,3438,3439,3466,3467,3486,3487,3488,3491,3492,3495,3496,5287,5300,5301,5320,5323,5324,5347,5348,5353,5354,5477,5476,5475,5470,5469,5724,5725,5726,5733,5734,.,5750,5755,6572,6571,6568,.,6562,6561,6558,6557,6616,6617,6690,6691,6664,6665,6654,6653,6642,6641,6634,6625,6626,.,4562,4561,4558,4557,4552,4551,4590,5049,5048,5045,.,4953,4954,4957,4960,4961,4964,4967,4970,4983,4984,4985,4986,4989,4990,4897,4896,4895,4882,4881,4880,4875,4874,4869,4868,4865,4864,4863,.,.,.,.,.,.,.,.
.,.,.,.,.,.,.,3290,3289,3288,3287,3286,3301,3304,3311,3310,3323,3326,3327,3558,3557,3556,3555,3388,3389,3390,3391,3396,3395,3404,3405,3424,3423,3422,3421,3420,3419,3434,3437,3440,3465,3462,3461,.,3489,3490,3493,3494,5289,5288,5299,5298,5321,5322,5325,5346,5349,5352,5355,5356,5461,5462,5463,5468,5467,.,5727,5732,5731,.,5751,5754,6573,6574,6567,6564,6563,6560,6559,6614,6615,6688,6689,6672,6671,6666,6651,6652,6643,6644,6633,6632,6627,4518,4519,4560,4559,4556,4553,4550,4591,.,5047,5046,4951,4952,4955,4956,4943,4942,4965,4966,4971,4982,4981,4980,4987,4988,4899,4898,4893,4894,4883,4884,4847,4848,4849,4850,4851,4854,4855,4862,4861,.,.,.,.,.,.,.
.,.,.,.,.,.,.,.,3282,3283,3284,3285,3302,3303,3312,3313,3322,3329,3328,3369,3370,3375,3376,3387,3386,3385,3384,3397,.,3403,3406,.,3412,3413,.,3417,3418,3435,3436,3441,3464,3463,3460,3459,3458,3457,3456,3455,5290,5291,5296,5297,5328,5327,5326,5345,5350,5351,.,5357,5460,5459,5464,5465,5466,.,5728,5729,5730,.,5752,5753,6576,6575,6566,6565,6602,6603,6612,6613,.,6687,6686,6673,6670,6667,6650,6649,6646,6645,.,6631,6628,4517,4520,4521,.,4555,4554,4549,4592,4593,4594,4595,4950,4949,4946,4945,4944,4941,4940,4973,4972,4977,4978,4979,4912,4911,4900,4901,4892,4889,4888,4885,4846,4845,4844,4843,4852,4853,4856,4859,4860,.,.,.,.,.,.,.
.,.,.,.,.,.,.,.,3281,3278,3277,3276,3275,3274,3273,3314,3321,3330,3331,3368,3371,3374,3377,3380,3381,3382,3383,3398,3399,3402,3407,3410,3411,3414,3415,3416,3117,3116,3115,3442,3445,3446,3447,3450,3451,3452,3453,3454,.,5292,5295,5330,5329,5334,5335,5344,5343,5342,5359,5358,5457,5458,.,5452,5451,5450,5449,.,.,6580,6579,6578,6577,6594,6595,6596,6601,6604,6611,6610,.,.,6685,6674,6669,6668,.,6648,6647,4508,4509,6630,6629,4516,4515,4522,4525,4526,.,4548,4547,4546,4545,4596,4597,4948,4947,4936,4937,4938,4939,4974,4975,4976,4925,4924,4913,4910,4903,4902,4891,4890,4887,4886,4837,4838,4841,4842,.,.,4857,4858,.,.,.,.,.,.,.,.
.,.,.,.,.,.,.,.,3280,3279,3268,3269,3270,3271,3272,3315,3320,3319,3332,3367,3372,3373,3378,3379,3358,3357,3354,3353,3400,3401,3408,3409,3128,3127,3124,3123,3118,3119,3114,3443,3444,.,3448,3449,3034,3033,3032,2991,2990,5293,5294,5331,5332,5333,5336,5337,5340,5341,5360,5361,5456,5455,5454,5453,5446,5447,5448,.,.,6581,6584,6585,6592,6593,.,6597,6600,6605,6606,6609,6682,6683,6684,6675,4502,4503,4504,4505,4506,4507,4510,4511,4512,4513,4514,4523,4524,4527,4528,4529,4542,4543,4544,4599,4598,4621,4622,4935,4934,4933,4932,4931,4928,4927,4926,4923,4914,4909,4904,4827,4828,4831,4832,4835,4836,4839,4840,.,4806,4805,4804,.,.,.,.,.,.,.,.,.
.,.,.,.,.,.,.,3240,3241,3266,3267,3262,3261,3258,3257,3316,3317,3318,3333,3366,3365,3364,3361,3360,3359,3356,3355,3352,3351,3350,3133,3132,3129,3126,3125,3122,3121,3120,3113,3112,3111,.,3039,3038,3035,3030,3031,2992,2989,2988,.,2980,2979,2976,2975,5338,5339,.,5363,5362,5369,5370,5425,5426,5445,5444,5443,5442,.,6582,6583,6586,6591,6590,.,6598,6599,.,6607,6608,6681,6680,6679,6676,4501,4500,4499,4498,4497,4496,4397,4396,4395,4392,4391,4390,4387,4386,4385,4530,4541,4540,4539,4600,4619,4620,4623,4624,4625,4626,4627,4930,4929,4920,4921,4922,4915,4908,4905,4826,4829,4830,4833,4834,.,4812,4811,4808,4807,4802,4803,4764,4763,4762,.,.,.,.,.,.
.,.,.,.,.,.,3238,3239,3242,3265,3264,3263,3260,3259,3256,3255,3254,3253,3334,3337,3338,3363,3362,3343,3344,3345,3346,3347,3348,3349,3134,3131,3130,.,3104,3105,3106,3107,3108,3109,3110,3041,3040,3037,3036,3029,2994,2993,2986,2987,2982,2981,2978,2977,2974,2973,2972,2971,5364,5367,5368,5371,5424,5427,5428,5429,5430,5441,5440,.,.,6587,6588,6589,.,4479,4480,4481,4482,4483,4484,4485,6678,6677,.,4491,4492,4493,4494,4495,4398,.,4394,4393,.,4389,4388,4383,4384,4531,4534,4535,4538,4601,4618,4617,4616,4615,4614,4613,4628,4629,4630,4919,4918,4917,4916,4907,4906,4825,4824,4817,4816,4815,4814,4813,4810,4809,4800,4801,.,4765,4760,4761,.,.,.,.,.,.
.,.,.,.,.,.,3237,3236,3243,3244,3245,3246,3247,3248,3249,3250,3251,3252,3335,3336,3339,3340,3341,3342,3149,3148,3145,3144,3141,3140,3135,.,3097,3098,3103,3102,.,3046,3045,3044,3043,3042,3023,3024,3027,3028,2995,2996,2985,2984,2983,2956,2957,2960,2961,2964,2965,2970,5365,5366,5373,5372,5423,5422,5421,5432,5431,5438,5439,.,.,.,.,.,.,4478,4477,4476,4465,4464,4463,4486,4487,4488,4489,4490,4425,4424,4423,4422,4399,4400,4371,4372,4373,4376,4377,4382,4381,4532,4533,4536,4537,4602,4603,4604,4605,4606,4607,4612,4611,.,4631,4632,4633,4634,4635,4638,4639,4822,4823,4818,4791,4792,4793,4794,4795,4798,4799,.,.,4766,4759,4758,4757,4756,.,.,.,.
.,.,.,.,.,.,.,3235,3232,3231,3230,3229,3228,3227,3226,3225,3224,3191,3190,3179,3178,3177,3152,3151,3150,3147,3146,3143,3142,3139,3136,3095,3096,3099,3100,3101,3048,3047,3018,3019,3020,3021,3022,3025,3026,.,.,2997,2998,2953,2954,2955,2958,2959,2962,2963,2966,2969,5376,5375,5374,5395,5396,5419,5420,5433,5434,5437,.,.,.,.,.,.,.,4473,4474,4475,4466,.,4462,4451,4450,4449,4436,4435,4426,4419,4420,4421,4402,4401,4370,4369,4374,4375,4378,4379,4380,4343,4342,4341,4322,4321,4318,4317,4316,4315,4608,4609,4610,4285,4284,4281,4280,.,4636,4637,4640,4821,4820,4819,4790,4789,4788,4787,4796,4797,.,.,.,4767,4752,4753,4754,4755,.,.,.,.
.,.,.,.,.,.,.,3234,3233,3214,3215,3216,3217,3220,3221,3222,3223,3192,3189,3180,3175,3176,3153,3154,3083,3084,3085,3086,3087,3138,3137,3094,3093,3056,3055,3054,3049,3050,3017,3014,3013,.,3009,3008,3005,3004,.,3000,2999,2952,2951,2948,2947,.,2943,2942,2967,2968,5377,5384,5385,5394,5397,5418,5417,5416,5435,5436,.,.,.,.,.,.,.,4472,4471,4470,4467,4460,4461,4452,4453,4448,4437,4434,4427,4418,4411,4410,4403,4360,4361,4368,4367,4366,4349,4348,4347,4344,4339,4340,4323,4320,4319,4310,4311,4314,.,4296,4295,4286,4283,4282,4279,4278,4267,4266,4641,4644,4645,4654,4655,4670,4671,4786,4785,4782,4781,.,4769,4768,4751,4750,4749,.,.,.,.,.
.,.,.,.,.,.,.,.,.,3213,3212,3211,3218,3219,3204,3203,3202,3193,3188,3181,3174,3173,3172,3155,3082,3081,3072,3071,3088,3089,3090,3091,3092,3057,3058,3053,3052,3051,3016,3015,3012,3011,3010,3007,3006,3003,3002,3001,2834,2835,2950,2949,2946,2945,2944,2941,2940,5379,5378,5383,5386,5393,5398,5399,5400,5415,5414,5413,.,.,.,.,.,.,.,.,.,4469,4468,4459,4458,4455,4454,4447,4438,4433,4428,4417,4412,4409,4404,4359,4362,4363,4364,4365,4350,.,4346,4345,4338,4337,4324,4307,4308,4309,4312,4313,4298,4297,4294,4287,4274,4275,4276,4277,4268,4265,4642,4643,4646,4653,4656,4669,4672,4673,4784,4783,4780,4779,4770,4743,4744,4747,4748,.,.,.,.,.
.,.,.,.,.,.,.,.,.,.,.,3210,3209,3206,3205,3200,3201,3194,3187,3182,3183,.,3171,3156,3079,3080,3073,3070,3065,3064,3063,3062,3061,3060,3059,2772,2773,2774,2775,2778,2779,2782,2783,2828,2829,2830,2831,2832,2833,2836,2843,2844,2935,2936,2937,2938,2939,5380,5381,5382,5387,5392,5403,5402,5401,5410,5411,5412,.,.,.,.,.,.,.,.,.,.,.,.,4457,4456,4445,4446,4439,4432,4429,4416,4413,4408,4405,4358,4355,4354,4353,4352,4351,4332,4333,4334,4335,4336,4325,4306,4305,4304,4303,4302,4299,4292,4293,4288,4273,4272,4271,4270,4269,4264,4263,4262,4647,4652,4657,4668,4667,4674,4675,4776,4777,4778,4771,4742,4745,4746,.,4728,4727,.,.,.
.,.,.,.,.,.,.,.,.,.,2648,2649,3208,3207,.,3199,3198,3195,3186,3185,3184,3169,3170,3157,3078,3075,3074,3069,3066,2745,2746,2747,2748,2749,2770,2771,2766,2765,2776,2777,2780,2781,2784,2827,2826,2825,2824,2823,2838,2837,2842,2845,2934,2933,2932,2923,2922,2919,2918,.,5388,5391,5404,5405,5408,5409,.,.,.,.,.,.,.,.,.,.,.,.,.,.,.,.,4444,4443,4440,4431,4430,4415,4414,4407,4406,4357,4356,4093,4094,4177,4178,4331,4330,4329,4328,4327,4326,4189,4190,4193,4194,4301,4300,4291,4290,4289,4250,4251,4252,4253,4256,4257,4260,4261,4648,4651,4658,4659,4666,.,4676,4775,4774,4773,4772,4741,4740,4733,4732,4729,4726,.,.,.
.,.,.,.,.,.,.,.,.,2646,2647,2650,2651,2652,2653,.,3197,3196,3165,3166,3167,3168,3159,3158,3077,3076,.,3068,3067,2744,2743,2742,2741,2750,2769,2768,2767,2764,2763,2762,2761,2786,2785,2800,2801,2820,2821,2822,2839,2840,2841,2846,2929,2930,2931,2924,2921,2920,2917,2916,5389,5390,.,5406,5407,.,.,.,.,.,.,.,.,.,.,.,.,.,.,.,.,.,.,4442,4441,.,4053,4054,4077,4078,4083,4084,4091,4092,4095,4176,4179,4180,4181,4182,4185,4186,4187,4188,4191,4192,4195,4196,4197,4204,4205,4206,4249,4248,4247,4254,4255,4258,4259,.,4649,4650,4661,4660,4665,4678,4677,4690,4691,4694,4695,4738,4739,4734,4731,4730,4725,.,.,.
.,.,.,.,.,.,.,.,.,2645,2644,2641,2640,2639,2654,2655,2656,2657,3164,3163,3162,3161,3160,2685,2686,.,2702,2703,.,2737,2738,2739,2740,2751,2752,2753,2754,2755,2756,2759,2760,2787,2798,2799,2802,2819,2818,2817,2816,2815,2814,2847,2928,2927,2926,2925,2912,2913,2914,2915,.,.,.,.,.,.,.,.,.,.,.,.,.,.,.,.,.,.,.,.,.,.,.,4049,4050,4051,4052,4055,4076,4079,4082,4085,4090,4089,4096,4175,4174,4173,4172,4183,4184,4155,4154,4153,4152,4151,4150,4149,4198,4203,4208,4207,4244,4245,4246,4239,4238,4237,4236,4233,4232,.,4662,4663,4664,4679,4688,4689,4692,4693,4696,4737,4736,4735,4720,4721,4724,.,.,.
.,.,.,.,.,.,.,.,.,.,2643,2642,.,2638,2637,2632,2631,2658,2659,.,2681,2682,2683,2684,2687,2700,2701,2704,2705,2736,2735,2734,2731,2730,2727,2726,2725,2724,2757,2758,.,2788,2797,.,2803,2804,2805,2808,2809,2812,2813,2848,2907,2908,2909,2910,2911,2900,2899,2898,2897,2896,.,.,.,.,.,.,.,.,.,.,.,.,.,.,.,.,.,.,.,.,.,4048,4047,4044,4043,4056,4075,4080,4081,4086,4087,4088,4097,4098,4169,4170,4171,4162,4161,4156,4143,4144,4145,4146,4147,4148,4199,4202,4209,4210,4243,4242,4241,4240,4221,4222,4235,4234,4231,4230,4229,.,4681,4680,4687,4700,4699,4698,4697,4714,4715,4718,4719,4722,4723,.,.,.
.,.,.,.,.,.,2570,2571,.,2581,2582,2591,2592,2593,2636,2633,2630,2629,2660,2661,2680,2679,2678,2677,2688,2699,2698,2697,2706,2709,2710,2733,2732,2729,2728,2717,2718,2723,2722,2337,2336,2789,2796,2795,2794,.,2806,2807,2810,2811,.,2849,2906,2905,2904,2903,2902,2901,2892,2893,2894,2895,.,.,.,.,.,.,.,.,.,.,.,.,.,.,.,.,.,.,.,.,.,.,4046,4045,4042,4057,4074,4073,4072,4071,4070,4069,4068,4099,4168,4167,4166,4163,4160,4157,4142,4139,4138,4137,4130,4129,4200,4201,.,4211,4212,4215,4216,4219,4220,4223,4224,4225,4226,4227,4228,.,4682,4683,4686,4701,4702,4703,4712,4713,4716,4717,.,.,.,.,.,.
.,.,.,.,.,.,2569,2572,2573,2580,2583,2590,2595,2594,2635,2634,.,2628,2627,2662,2667,2668,2675,2676,2689,2692,2693,2696,2707,2708,2711,2712,2713,2714,2715,2716,2719,2720,2721,2338,2335,2790,2791,2792,2793,2306,2305,2284,2283,2280,2279,2850,2851,2856,2857,2886,2887,2890,2891,.,.,.,.,.,.,.,.,.,.,.,.,.,.,.,.,.,.,.,.,.,.,.,.,4036,4037,4040,4041,4058,4059,4060,4061,4064,4065,4066,4067,4100,4103,4104,4165,4164,4159,4158,4141,4140,4135,4136,4131,4128,.,4124,4123,.,4213,4214,4217,4218,3823,3822,3821,3468,3467,3462,3461,3460,3459,4684,4685,.,4705,4704,4711,.,.,.,.,.,.,.,.,.
.,.,.,.,.,.,2568,2567,2574,2579,2584,2589,2596,2611,2612,2615,2616,2625,2626,2663,2666,2669,2674,2673,2690,2691,2694,2695,2352,2351,2350,2349,2348,2347,2346,2345,2344,2343,2340,2339,2334,2333,2310,2309,2308,2307,2304,2285,2282,2281,2278,2277,2852,2855,2858,2885,2888,2889,.,.,.,.,.,.,.,.,.,.,.,.,.,.,.,.,.,.,.,.,.,.,.,.,4034,4035,4038,4039,4022,4021,4006,4005,4062,4063,4000,3999,3998,4101,4102,4105,4106,4107,4108,4111,4112,.,4134,4133,4132,4127,4126,4125,4122,3829,3828,3827,3826,3825,3824,3819,3820,3469,3466,3463,3456,3457,3458,.,3450,3449,4706,4709,4710,.,.,.,.,.,.,.,.,.
.,.,.,.,.,2564,2565,2566,2575,2578,2585,2588,2597,2610,2613,2614,2617,2624,2623,2664,2665,2670,2671,2672,2371,2370,2369,2354,2353,2090,2091,2092,2093,2094,2095,2096,2097,2342,2341,2330,2331,2332,2311,2300,2301,2302,2303,2286,2273,2274,2275,2276,2853,2854,2859,2884,2883,.,2879,2878,2877,.,.,.,.,.,.,.,.,.,.,.,.,.,.,.,.,.,.,.,4031,4032,4033,4026,4025,4024,4023,4020,4007,4004,4003,4002,4001,.,3997,3996,3995,3994,3993,3992,4109,4110,4113,4114,4115,4116,4117,4118,4119,4120,4121,3830,3813,3814,3815,3816,3817,3818,3471,3470,3465,3464,3455,3454,3453,3452,3451,3448,4707,4708,.,.,.,.,.,.,.,.,.,.
.,.,.,.,.,2563,2562,2561,2576,2577,2586,2587,2598,2609,2608,2607,2618,2621,2622,2427,2426,2383,2382,2373,2372,2367,2368,2355,2356,2089,2084,2083,2080,2079,2078,2077,2098,2101,2102,2329,2328,2327,2312,2299,2298,2289,2288,2287,2272,2271,2270,2269,2268,.,2860,2861,2882,2881,2880,2875,2876,.,.,.,.,.,.,.,.,.,.,.,.,.,.,.,.,.,.,.,4030,4029,4028,4027,4016,4017,4018,4019,4008,3953,3954,3955,3956,3957,3960,3961,3964,3965,.,3991,3990,3989,3988,3987,3986,3985,3984,3983,3836,3835,3832,3831,3812,3811,3810,3809,3808,3807,3472,3433,3434,3435,3436,3437,3442,3443,3446,3447,.,.,.,.,.,.,.,.,.,.,.,.
.,.,.,.,2547,2548,2549,2560,2559,2558,2557,2556,2599,2602,2603,2606,2619,2620,2429,2428,2425,2384,2381,2374,.,2366,2365,2358,2357,2088,2085,2082,2081,2074,2075,2076,2099,2100,2103,2322,2323,2326,2313,2296,2297,2290,2259,2260,2261,2264,2265,2266,2267,.,2863,2862,2869,2870,2873,2874,.,.,.,.,.,.,.,.,.,.,.,.,.,.,.,.,.,.,.,.,.,.,.,.,4015,4014,4011,4010,4009,3952,3941,3940,3939,3958,3959,3962,3963,3966,3969,3970,3973,3974,3977,3978,3979,3980,3981,3982,3837,3834,3833,3796,3797,3800,3801,3802,3805,3806,3473,3432,3431,3430,3429,3438,3441,3444,3445,.,.,.,.,.,.,.,.,.,.,.,.,.
.,.,.,.,2546,2545,2550,2551,2552,2553,2554,2555,2600,2601,2604,2605,2436,2435,2430,2431,2424,2385,2380,2375,2376,2363,2364,2359,.,2087,2086,2065,2066,2073,2072,2071,2014,2013,2104,2321,2324,2325,2314,2295,2292,2291,2258,2257,2262,2263,2252,2251,2250,2249,2864,2865,2868,2871,2872,.,.,.,.,.,.,.,.,.,.,.,.,.,.,.,.,.,.,.,.,.,.,.,.,.,.,4013,4012,3949,3950,3951,3942,.,3938,3937,3936,3933,3932,3967,3968,3971,3972,3975,3976,3845,3844,3843,3842,3841,3838,3793,3794,3795,3798,3799,.,3803,3804,.,3474,3425,3426,3427,3428,3439,3440,.,.,.,.,.,.,.,.,.,.,.,.,.,.,.
.,.,.,.,.,2544,2543,2540,2539,2536,2535,2514,2513,2510,2509,2438,2437,2434,2433,2432,2423,2386,2379,2378,2377,2362,2361,2360,2061,2062,2063,2064,2067,2068,2069,2070,2015,2012,2105,2320,2317,2316,2315,2294,2293,2228,2229,2256,2255,2254,2253,2246,2247,2248,.,2866,2867,.,.,.,.,.,.,.,.,.,.,.,.,.,.,.,.,.,.,.,.,.,.,3628,3629,.,.,.,.,3654,3655,3948,3947,3946,3943,3922,3923,3924,3935,3934,3931,3930,3869,3868,3867,3866,3865,3846,.,3774,3775,3840,3839,3792,3791,3790,3789,3480,3479,3478,3477,3476,3475,3424,3423,3422,3421,3420,3397,3396,.,.,.,.,.,.,.,.,.,.,.,.,.,.
.,.,.,.,.,.,2542,2541,2538,2537,2534,2515,2512,2511,2508,2439,2418,2419,2420,2421,2422,2387,2054,2055,2056,2057,2058,2059,2060,2027,2026,2025,2022,2021,2018,2017,2016,2011,2106,2319,2318,2223,2224,2225,2226,2227,2230,2231,2232,2233,2234,2245,2244,2243,2242,2241,2178,2177,2176,.,.,.,.,.,.,.,.,.,.,.,.,.,.,.,.,.,.,3625,3626,3627,3630,.,.,.,3652,3653,3656,3895,3896,3945,3944,3921,3920,3925,3926,3927,3928,3929,3870,3861,3862,3863,3864,3847,3772,3773,3776,3779,3780,3783,3784,3787,3788,3481,3482,3485,3486,3411,3412,3413,3414,3415,3416,3419,3398,3395,3394,3393,.,.,.,.,.,.,.,.,.,.,.,.
.,.,.,.,.,.,.,2530,2531,2532,2533,2516,2517,2506,2507,2440,2417,2416,2413,2412,2389,2388,2053,2050,2049,2048,2047,2046,2029,2028,.,2024,2023,2020,2019,2008,2009,2010,2107,2108,2109,2222,2221,.,2209,2208,2207,2204,2203,2202,2235,2236,2237,2238,2239,2240,2179,2174,2175,.,.,.,.,.,.,.,.,.,.,.,.,.,.,.,.,.,.,3624,3623,3622,3631,3632,.,3650,3651,3658,3657,3894,3897,.,3917,3918,3919,3912,3911,3910,3909,3872,3871,3860,3859,3850,3849,3848,3771,3770,3777,3778,3781,3782,3785,3786,3749,3748,3483,3484,3487,3410,3409,3408,3405,3404,3417,3418,3399,3390,3391,3392,.,.,.,.,.,.,.,.,.,.,.,.
.,.,.,.,.,.,.,2529,2528,2523,2522,2519,2518,2505,2504,2441,.,2415,2414,2411,2390,.,2052,2051,2042,2043,2044,2045,2030,2001,2002,2003,2004,2005,2006,2007,1992,1991,1990,1989,2110,2111,2220,2219,2210,2211,2206,2205,2200,2201,2196,2195,.,2189,2188,2187,2180,2173,.,.,.,.,330,331,332,.,.,.,.,.,.,.,.,.,.,.,.,.,.,3621,3620,3633,3648,3649,3660,3659,3892,3893,3898,3899,3916,3915,3914,3913,3906,3907,3908,3873,3856,3857,3858,3851,3766,3767,3768,3769,3758,3757,3754,3753,3752,3751,3750,3747,3746,3489,3488,3341,3342,3407,3406,3403,3402,3401,3400,3389,3388,.,3384,3383,.,.,.,.,.,.,.,.,.,.
.,.,.,.,.,.,.,.,2527,2524,2521,2520,2501,2502,2503,2442,2407,2408,2409,2410,2391,2392,2393,2394,2041,2040,2039,2038,2031,2000,1999,1998,1997,1996,1995,1994,1993,1982,1983,1988,1987,2112,2217,2218,2213,2212,2151,2152,2199,2198,2197,2194,2193,2190,2185,2186,2181,2172,2171,.,.,.,329,334,333,.,.,.,.,.,.,.,.,.,.,.,.,.,.,3618,3619,3634,3647,3646,3661,3662,3891,3888,3887,3900,3901,3902,3903,3904,3905,3878,3877,3874,3855,3854,3853,3852,3765,3764,3763,3762,3759,3756,3755,3740,3741,3742,3743,3744,3745,3490,3339,3340,3343,3344,3357,3358,3359,3360,3361,3362,3387,3386,3385,3382,.,.,.,.,.,.,.,.,.,.
.,.,.,.,.,.,.,.,2526,2525,.,.,2500,2499,2498,2443,2406,2405,2404,2401,2400,2397,2396,2395,1918,1919,2036,2037,2032,1973,1974,1975,1976,1977,1978,1979,1980,1981,1984,1985,1986,2113,2216,2215,2214,2149,2150,2153,2154,2155,2156,2157,2192,2191,2184,2183,2182,2169,2170,.,326,327,328,335,336,.,.,.,.,.,.,.,.,.,.,.,.,.,.,3617,3636,3635,3644,3645,3664,3663,3890,3889,3886,3885,3884,3883,3882,3881,3880,3879,3876,3875,3700,3701,.,3719,3720,3721,3722,3761,3760,3737,3738,3739,3508,3507,3506,3505,3492,3491,3338,3337,3336,3345,3356,3355,3354,3353,3352,3363,3364,3365,3366,3381,3380,3379,3378,3377,3376,.,.,.,.,.
.,.,.,.,.,.,.,.,.,.,.,.,2495,2496,2497,2444,2445,.,2403,2402,2399,2398,1911,1912,1917,1920,2035,2034,2033,1972,1969,1968,1967,1966,1965,1964,1963,1962,1961,1960,.,2114,2129,2130,2131,2148,2147,2146,2145,2144,2143,2158,2159,2160,2161,2164,2165,2168,305,306,325,324,339,338,337,.,.,.,527,528,.,.,.,.,.,.,.,.,.,3616,3637,.,3643,3642,3665,.,.,.,3675,3676,3679,3680,.,3684,3685,3696,3697,3698,3699,3702,3717,3718,3713,3712,3723,3734,3735,3736,.,3510,3509,3502,3503,3504,3493,3332,3333,3334,3335,3346,3347,3348,3349,3350,3351,3318,3317,.,3367,3368,3369,3370,3373,3374,3375,.,.,.,.,.
.,.,.,.,.,.,.,.,.,.,.,.,2494,2493,2492,2491,2446,1901,1902,1903,1906,1907,1910,1913,1916,1921,1924,1925,.,1971,1970,1951,1952,1953,1954,1955,1956,1957,1958,1959,2116,2115,2128,.,2132,2135,2136,2139,2140,2141,2142,1407,1406,.,2162,2163,2166,2167,304,307,308,323,340,.,.,.,.,.,526,529,.,.,.,.,.,.,.,3613,3614,3615,3638,3639,3640,3641,3666,3667,.,3673,3674,3677,3678,3681,3682,3683,3686,3695,3694,3693,3692,3703,3716,3715,3714,3711,3724,3733,3732,3731,3730,3511,3500,3501,.,3495,3494,3331,3330,3329,3328,3327,3326,3325,3324,3323,3322,3319,3316,3315,.,3149,3148,3371,3372,.,.,.,.,.,.,.
.,.,.,.,.,.,.,.,.,2482,2483,2484,2487,2488,2489,2490,2447,1900,1899,1904,1905,1908,1909,1914,1915,1922,1923,1926,1927,1928,.,1950,1949,1948,1947,1946,1945,1944,1943,1942,2117,2118,2127,2126,2133,2134,2137,2138,.,1414,1413,1408,1405,1400,1399,1398,1397,302,303,310,309,322,341,342,343,516,517,524,525,530,531,532,.,.,.,.,.,3612,3611,3610,3609,3598,3597,3586,3585,3668,3669,3672,3565,3564,3559,3558,3553,3552,3687,3688,3689,3690,3691,3704,3705,3706,3709,3710,3725,3726,3727,3728,3729,3512,3499,3498,3497,3496,3273,3274,3285,3286,3303,3304,3305,3306,3307,3308,3321,3320,3313,3314,.,3150,3147,.,.,.,.,.,.,.,.,.
.,.,.,.,.,.,.,.,.,2481,2480,2485,2486,2471,2470,2469,2448,2449,1898,1897,1892,1891,1888,1887,1886,1885,1884,1875,1874,1929,1930,1931,1932,1933,1934,1935,1936,1937,1938,1941,.,2119,2120,2125,2124,1423,1422,1419,1418,1415,1412,1409,1404,1401,1394,1395,1396,301,312,311,.,321,348,347,344,515,518,523,536,535,534,533,.,565,566,.,.,.,3606,3607,3608,3599,3596,3587,3584,3583,3670,3671,3566,3563,3560,3557,3554,3551,3550,3549,3548,3547,3546,3545,3544,3707,3708,3519,3518,3517,3516,3515,3514,3513,3260,3261,3262,3271,3272,3275,3284,3287,3302,3301,3300,3299,3298,3309,3310,3311,3312,.,.,3151,3146,.,.,.,.,.,.,.,.,.
.,.,.,.,.,.,.,.,.,2478,2479,2474,2473,2472,2467,2468,2451,2450,.,1896,1893,1890,1889,.,1881,1882,1883,1876,1873,1872,1869,1868,1865,1864,1863,1862,1861,1860,1939,1940,1831,1830,2121,2122,2123,1424,1421,1420,1417,1416,1411,1410,1403,1402,1393,1392,.,300,313,316,317,320,349,346,345,514,519,522,537,538,539,562,563,564,567,568,569,.,3605,3604,3601,3600,3595,3588,.,3582,3581,3568,3567,3562,3561,3556,3555,3030,3031,.,3539,3540,3541,3542,3543,3524,3523,3520,3247,3248,3249,3254,3255,3258,3259,.,3263,3270,3269,3276,3283,3288,3289,3294,3295,3296,3297,3170,3169,3162,3161,3160,3153,3152,3145,3144,.,.,.,.,.,.,.,.
.,.,.,.,.,.,.,.,.,2477,2476,2475,2464,2465,2466,2453,2452,1717,1718,1895,1894,1775,1776,1777,1880,1879,1878,1877,.,1871,1870,1867,1866,1855,1856,1857,1858,1859,1836,1835,1832,1829,1828,1827,.,1425,1382,1383,1384,1385,1386,1387,1388,1389,1390,1391,298,299,314,315,318,319,350,511,512,513,520,521,542,541,540,561,560,573,572,571,570,845,846,3603,3602,3593,3594,3589,3576,3577,3580,3569,3024,3025,3026,3027,3028,3029,3032,3033,3538,3537,3530,3529,3528,3525,3522,3521,3246,3245,3250,3253,3256,3257,3224,3223,3264,3265,3268,3277,3282,3281,3290,3293,3186,3185,3172,3171,3168,3163,3158,3159,3154,3141,3142,3143,.,.,.,.,.,.,.,.
.,.,.,.,.,.,.,.,.,.,2461,2462,2463,2456,2455,2454,1715,1716,1719,1724,1725,1774,1773,1778,.,1782,1783,.,1787,1788,1851,1852,1853,1854,1845,1844,1841,1840,1837,1834,1833,1824,1825,1826,1427,1426,1381,1380,1379,1378,1347,1346,1331,1330,1329,.,297,296,355,354,353,352,351,510,509,508,507,506,543,544,555,556,559,574,577,578,.,844,847,.,.,3592,3591,3590,3575,3578,3579,3570,3023,3022,3021,3020,3019,3018,3035,3034,3535,3536,3531,.,3527,3526,.,3242,3243,3244,3251,3252,3227,3226,3225,3222,3221,3266,3267,3278,3279,3280,3291,3292,3187,3184,3173,3174,3167,3164,3157,3156,3155,3140,.,2742,2741,.,.,.,.,.,.,.
.,.,.,.,.,.,.,.,.,.,2460,2459,2458,2457,1700,1701,1714,1713,1720,1723,1726,.,1772,1779,1780,1781,1784,1785,1786,1789,1850,1849,1848,1847,1846,1843,1842,1839,1838,1821,1822,1823,1436,1435,1428,1429,1374,1375,1376,1377,1348,1345,1332,1333,1328,1327,294,295,356,357,364,365,366,491,492,493,494,505,546,545,554,557,558,575,576,579,580,843,848,849,850,1209,1210,1211,3574,3573,3572,3571,3010,3011,3012,3013,3014,3017,3036,3037,3534,3533,3532,3055,3056,3057,3240,3241,3236,3235,3232,3231,3228,3215,3216,3217,3220,3205,3204,3201,3200,.,3194,3193,3188,3183,3182,3175,3166,3165,3136,3137,3138,3139,2744,2743,2740,.,.,.,.,.,.,.
.,.,.,.,.,.,.,.,.,.,.,.,1697,1698,1699,1702,1703,1712,1721,1722,1727,1728,1771,1770,1769,1768,1767,1766,1765,1790,1793,1794,1811,1812,1813,1814,1815,1816,1817,1820,1451,1450,1437,1434,1431,1430,1373,1372,1371,1350,1349,1344,1343,1334,1325,1326,293,292,291,358,363,368,367,490,489,488,495,504,547,548,553,552,585,584,583,582,581,842,853,852,851,1208,1207,1212,2991,2992,2993,2994,3009,3008,3007,3006,3015,3016,3039,3038,3047,3048,3049,3054,3059,3058,3239,3238,3237,3234,3233,3230,3229,3214,3213,3218,3219,3206,3203,3202,3199,3198,3195,3192,3189,3180,3181,3176,3133,3134,3135,3128,3127,2746,2745,2738,2739,.,.,.,.,.,.,.
.,.,.,.,.,.,.,.,.,.,.,.,1696,1695,1694,1693,1704,1711,1710,1709,1730,1729,.,1737,1738,1761,1762,1763,1764,1791,1792,1795,1810,1809,1808,1807,1806,1805,1818,1819,1452,1449,1438,1433,1432,1367,1368,1369,1370,1351,1352,1341,1342,1335,1324,.,282,283,290,359,362,369,404,405,.,487,496,503,502,549,550,551,586,587,836,837,838,841,854,857,858,.,1206,1213,2990,2989,2996,2995,3000,3001,3004,3005,2976,2975,3040,3041,3046,3045,3050,3053,3060,.,3080,3081,3082,3083,3084,3085,3088,3089,3212,3211,3208,3207,3100,3101,3102,3197,3196,3191,3190,3179,3178,3177,3132,3131,3130,3129,3126,2747,2736,2737,.,2725,2724,2723,.,.,.,.
.,.,.,.,.,.,.,.,.,.,.,1642,1643,1690,1691,1692,1705,1706,1707,1708,1731,1732,.,1736,1739,1760,1759,1758,1757,1756,1755,1796,1797,1798,1799,1802,1803,1804,1455,1454,1453,1448,1439,1292,1293,1366,1365,.,1359,1358,1353,1340,1337,1336,1323,1322,281,284,289,360,361,370,403,406,485,486,497,498,501,592,591,590,589,588,835,834,839,840,855,856,859,860,1205,1214,2987,2988,2997,2998,2999,3002,3003,2978,2977,2974,2973,3042,3043,3044,3051,3052,3061,3062,3079,3078,3077,3076,.,3086,3087,3090,3091,3210,3209,3098,3099,3104,3103,3110,3111,3114,3115,3116,3119,3120,3121,3122,3123,3124,3125,2748,2735,2734,2727,2726,2721,2722,.,.,.,.
.,.,.,.,.,.,.,.,.,.,.,1641,1644,1689,1688,1687,1682,1681,1680,1673,1672,1733,1734,1735,1740,1741,1742,1743,1744,.,1754,1753,1752,1751,1800,1801,1460,1459,1456,1445,1446,1447,1440,1291,1294,1295,1364,1363,1360,1357,1354,1339,1338,1319,1320,1321,280,285,288,373,372,371,402,407,484,483,482,499,500,593,594,605,606,607,608,833,832,831,866,865,864,861,1204,1215,2986,2985,2984,2983,2982,2981,2980,2979,2970,2971,2972,2943,2942,2935,2934,2931,2930,3063,3064,3065,3066,3075,3074,3073,3072,.,3092,3093,3096,3097,.,3105,3106,3109,3112,3113,.,3117,3118,2821,2820,2779,2778,2777,2776,2749,2732,2733,2728,2719,2720,.,.,.,.,.
.,.,.,.,.,.,.,.,.,1636,1637,1640,1645,1650,1651,1686,1683,1678,1679,1674,1671,1670,1669,1668,1483,1482,1477,1476,1745,1746,1747,1748,1749,1750,1465,1464,1461,1458,1457,1444,1443,1442,1441,1290,1289,1296,1297,1362,1361,1356,1355,1316,1317,1318,277,278,279,286,287,374,395,396,401,408,409,.,481,598,597,596,595,604,611,610,609,828,829,830,867,868,863,862,1203,1216,1317,1318,1319,1320,1321,.,2967,2968,2969,2950,2949,2944,2941,2936,2933,2932,2929,2892,2891,2890,3067,3068,3069,3070,3071,2882,2881,3094,3095,2876,2875,.,3107,3108,.,2832,2831,2828,2827,2822,2819,2780,2773,2774,2775,2750,2731,2730,2729,2718,2717,2716,.,.,.,.
.,.,.,.,.,.,.,1633,1634,1635,1638,1639,1646,1649,1652,1685,1684,1677,1676,1675,.,1665,1666,1667,1484,1481,1478,1475,1472,1471,1470,1469,1468,1467,1466,1463,1462,1261,1262,1275,1276,1277,1282,1283,1288,1287,1298,1299,1300,1301,1302,1315,1314,1313,276,275,274,273,272,375,394,397,400,411,410,479,480,599,600,601,602,603,612,613,.,827,826,821,820,869,870,1201,1202,1217,1316,1315,1324,1323,1322,2965,2966,2961,2960,2951,2948,2945,2940,2937,2926,2927,2928,2893,.,2889,2888,2887,2886,2885,2884,2883,2880,2879,2878,2877,2874,2839,2838,2835,2834,2833,2830,2829,2826,2823,2818,2781,2772,2771,2752,2751,2708,2709,2712,2713,2714,2715,.,.,.,.
.,.,.,.,.,.,.,1632,1631,1630,1629,1628,1647,1648,1653,1656,1657,.,1661,1662,1663,1664,1491,1490,1485,1480,1479,1474,1473,1244,1245,1248,1249,1252,1253,1256,1257,1260,1263,1274,1273,1278,1281,1284,1285,1286,.,294,293,292,1303,1306,1307,1312,1311,.,263,264,271,376,393,398,399,412,413,478,477,622,621,620,617,616,615,614,805,806,825,822,819,818,871,1200,1219,1218,1313,1314,1325,1328,1329,2964,2963,2962,2959,2952,2947,2946,2939,2938,2925,2924,2923,2894,2895,2578,2579,2580,2581,2582,2583,2868,2869,2870,2871,2872,2873,2840,2837,2836,2807,2808,2809,2810,2825,2824,2817,2782,2769,2770,2753,2706,2707,2710,2711,.,2693,2692,.,.,.,.
.,.,.,.,.,.,.,1621,1622,.,1626,1627,1602,1601,1654,1655,1658,1659,1660,1497,1496,1495,1492,1489,1486,1239,1240,1241,1242,1243,1246,1247,1250,1251,1254,1255,1258,1259,1264,1271,1272,1279,1280,441,440,437,436,295,296,291,1304,1305,1308,1309,1310,261,262,265,270,377,392,391,416,415,414,475,476,623,624,619,618,737,738,803,804,807,824,823,816,817,872,1199,1220,.,1312,1311,1326,1327,1330,1331,.,2957,2958,2953,2916,2917,2918,2919,2920,2921,2922,2897,2896,2577,2576,2575,2574,2573,2584,2867,2866,2865,2864,2853,2852,2841,2842,2843,2806,2803,2802,2811,2814,2815,2816,2783,2768,.,2754,2705,2704,.,2696,2695,2694,2691,2690,.,.,.
.,.,.,.,.,.,1619,1620,1623,1624,1625,1604,1603,1600,1597,1596,1595,1524,1523,1498,1499,1494,1493,1488,1487,1238,1237,1236,1235,1234,1233,1232,1225,1224,1221,1220,1217,1216,1265,1270,445,444,443,442,439,438,435,298,297,290,285,284,281,280,279,260,259,266,269,378,389,390,417,418,419,474,633,632,625,626,735,736,739,802,801,808,809,810,815,874,873,1198,1221,1224,1225,1310,1309,1308,1307,1332,1333,2956,2955,2954,2915,2914,2913,2912,2911,2910,2899,2898,.,2566,2567,2568,2569,2572,2585,2860,2861,2862,2863,2854,2851,2848,2847,2844,2805,2804,2801,2812,2813,2786,2785,2784,2767,2766,2755,2702,2703,2698,2697,2686,2687,2688,2689,.,.,.
.,.,.,.,.,.,1618,1617,1616,1613,1612,1605,.,1599,1598,.,1594,1525,1522,1501,1500,1183,1184,1185,1186,1187,1188,.,1192,1193,1230,1231,1226,1223,1222,1219,1218,1215,1266,1269,446,427,428,429,430,433,434,299,300,289,286,283,282,277,278,257,258,267,268,379,388,387,422,421,420,473,634,631,630,627,734,741,740,.,800,799,798,811,814,875,1196,1197,1222,1223,1226,1227,1228,.,1306,1335,1334,1411,1412,1413,1418,1419,1620,1621,2908,2909,2900,2563,2564,2565,2558,2557,2570,2571,2586,2859,2858,2857,2856,2855,2850,2849,2846,2845,2798,2799,2800,2793,2792,2787,2788,2763,2764,2765,2756,2701,2700,2699,2684,2685,.,.,.,.,.,.
.,.,.,.,.,.,.,.,1615,1614,1611,1606,1583,1584,1591,1592,1593,1526,1521,1502,1503,1182,1181,1180,1179,1178,1189,1190,1191,1194,1229,1228,1227,.,1211,1212,1213,1214,1267,1268,447,426,423,422,431,432,309,308,301,288,287,274,275,276,.,256,255,254,253,380,385,386,423,470,471,472,635,636,629,628,733,742,745,746,.,796,797,812,813,876,1195,1194,1193,1232,1231,1230,1229,1304,1305,1336,1337,1410,1409,1414,1417,1420,1619,1622,2907,2902,2901,2562,2561,2560,2559,2556,2555,2554,2587,2588,2589,2590,2591,2592,2593,2596,2597,2598,2797,2796,2795,2794,2791,2790,2789,2762,2759,2758,2757,2680,2681,2682,2683,.,.,.,.,.,.,.
.,.,.,.,.,.,.,.,1574,1575,1610,1607,1582,1585,1590,1589,1528,1527,1520,1505,1504,.,1168,1169,.,1177,1176,1071,1070,1195,1196,1197,1198,1199,1210,1209,1208,1207,1206,449,448,425,424,421,420,419,310,307,302,263,264,273,272,.,218,217,250,251,252,381,384,425,424,469,468,639,638,637,674,675,732,743,744,747,748,795,794,793,792,877,1188,1189,1192,1233,1266,1267,1302,1303,1340,1339,1338,1407,1408,1415,1416,1421,1618,1623,2906,2903,1894,1895,1900,1901,2550,2551,2552,2553,.,2533,2532,.,2528,2527,2594,2595,.,2599,2600,2603,2604,2617,2618,2621,2622,2761,2760,2651,2652,2679,2676,2675,.,.,.,.,.,.,.,.
.,.,.,.,.,.,1571,1572,1573,1576,1609,1608,1581,1586,1587,1588,1529,1518,1519,1506,1165,1166,1167,1170,1171,1172,1175,1072,1069,1068,1061,1060,1059,1200,1201,1202,1203,1204,1205,450,451,414,415,416,417,418,311,306,303,262,265,266,271,270,219,216,249,246,245,382,383,426,427,466,467,640,671,672,673,676,731,730,729,750,749,784,785,790,791,878,1187,1190,1191,1234,1265,1268,1301,1300,1341,1356,1357,1406,1405,1424,1423,1422,1617,1624,2905,2904,1893,1896,1899,1902,2549,2548,2547,2540,2539,2534,2531,2530,2529,2526,2525,2524,2523,2522,2601,2602,2605,2616,2619,2620,2623,2644,2645,2650,2653,2678,2677,2674,2673,2672,.,.,.,.,.,.
.,.,.,.,.,.,1570,1569,1568,1577,1578,1579,1580,1541,1540,1539,1530,1517,1516,1507,1164,1163,1162,1161,1160,1173,1174,1073,.,1067,1062,.,1058,1057,1056,1055,1054,1053,1052,453,452,413,412,395,394,313,312,305,304,261,260,267,268,269,220,215,248,247,244,431,430,429,428,465,464,641,670,669,668,677,714,715,728,751,752,783,786,789,880,879,1186,1237,1236,1235,1264,1269,1298,1299,1342,1355,1358,1403,1404,1425,1440,1441,1616,1625,1626,1891,1892,1897,1898,1903,.,2545,2546,2541,2538,2535,2508,2509,2510,2511,2512,2513,2514,2521,2520,2519,2606,2615,2614,2613,2624,2643,2646,2649,2654,2657,2658,2669,2670,2671,.,.,.,.,.,.
.,.,.,.,.,1564,1565,1566,1567,1556,1555,1554,1553,1542,1537,1538,1531,1514,1515,1508,1153,1154,1157,1158,1159,1106,1105,1074,1075,1066,1063,1044,1045,1046,1047,1048,1049,1050,1051,454,455,410,411,396,393,314,315,318,319,258,259,234,233,.,221,214,.,242,243,432,433,440,441,462,463,642,643,.,667,678,713,716,727,754,753,782,787,788,881,.,1185,1238,.,1262,1263,1270,1297,1344,1343,1354,1359,1402,1401,1426,1439,1442,1615,1628,1627,1890,1889,1888,1887,1904,1905,2544,2543,2542,2537,2536,2507,2506,2505,2504,2501,2500,2515,2516,2517,2518,2607,2608,2611,2612,2625,2642,2647,2648,2655,2656,2659,2668,2667,2666,.,.,.,.,.,.
.,.,.,.,.,1563,1560,1559,1558,1557,.,1551,1552,1543,1536,1535,1532,1513,1512,1509,1152,1155,1156,1111,1110,1107,1104,1103,1076,1065,1064,1043,1042,1041,1040,1039,916,915,914,457,456,409,408,397,392,391,316,317,320,257,256,235,232,231,222,213,212,241,240,239,434,439,442,461,460,459,644,645,666,679,712,717,726,755,756,781,780,779,882,1183,1184,1239,1240,1261,1272,1271,1296,1345,1346,1353,1360,1399,1400,1427,1438,1443,1614,1629,1882,1883,1884,1885,1886,1907,1906,2459,2460,2461,2462,2463,2464,2467,2468,2503,2502,2499,2498,2497,2496,2493,2492,2609,2610,.,2626,2641,2640,2639,.,.,2660,2661,2664,2665,.,.,.,.,.,.
.,.,.,.,.,1562,1561,.,.,.,1549,1550,1545,1544,.,1534,1533,.,1511,1510,1151,1114,1113,1112,1109,1108,1101,1102,1077,1032,1033,1034,1035,1036,1037,1038,917,912,913,458,459,460,407,398,389,390,327,326,321,254,255,236,229,230,223,210,211,56,55,238,435,438,443,450,451,458,647,646,665,680,711,718,725,758,757,772,773,778,883,1182,1181,1242,1241,1260,1273,.,1295,1294,1347,1352,1361,1398,1429,1428,1437,1444,1613,1630,1881,1880,1879,1878,1877,1908,.,2458,2457,2456,2455,2454,2465,2466,2469,2470,2471,2472,2477,2478,2495,2494,2491,2490,2489,2488,2627,2628,2629,2638,2637,2636,2635,2662,2663,.,.,.,.,.,.,.
.,.,.,.,.,.,.,.,.,.,1548,1547,1546,.,.,.,1146,1147,1148,1149,1150,1115,1096,1097,1098,1099,1100,1079,1078,1031,1030,1029,1028,1027,1026,1025,918,911,910,463,462,461,406,399,388,329,328,325,322,253,238,237,228,225,224,209,208,57,54,237,436,437,444,449,452,457,648,649,664,681,710,719,724,759,770,771,774,777,884,885,1180,1243,1244,1259,1274,1277,1278,1293,1348,1351,1362,1397,1430,1431,1436,1445,1612,1631,1632,1871,1872,1875,1876,1909,1918,1919,2450,2451,2452,2453,2444,2443,2424,2423,2422,2473,2476,2479,2480,2483,2484,2485,2486,2487,2402,2401,2630,2631,2632,2633,2634,.,.,.,.,.,.,.,.,.
.,.,.,.,.,.,.,.,.,.,.,.,.,.,1139,1140,1145,1144,1121,1120,1119,1116,1095,1092,1091,1086,1085,1080,1017,1018,1019,1020,1021,1022,1023,1024,919,908,909,464,465,404,405,400,387,330,.,324,323,252,239,.,227,226,.,206,207,58,53,236,235,234,445,448,453,456,651,650,663,682,709,720,723,760,769,.,775,776,.,886,1179,1178,1245,1258,1275,1276,1279,1292,1349,1350,1363,1396,1395,1432,1435,1446,1611,1634,1633,1870,1873,1874,1911,1910,1917,1920,2449,2448,2447,2446,2445,2442,2425,2420,2421,2474,2475,.,2481,2482,2407,2406,2405,2404,2403,2400,2399,2398,2397,2396,2377,2376,2371,2370,.,.,.,.,.,.
.,.,.,.,.,.,.,.,.,.,.,.,1136,1137,1138,1141,1142,1143,1122,.,1118,1117,1094,1093,1090,1087,1084,1081,1016,1015,1014,1013,1012,1011,1010,921,920,907,906,467,466,403,402,401,386,331,332,333,334,251,240,201,202,203,204,205,60,59,52,231,232,233,446,447,454,455,652,661,662,683,708,721,722,761,768,893,892,891,888,887,1176,1177,1246,1257,.,1281,1280,1291,.,1365,1364,1393,1394,1433,1434,1447,1610,1635,1636,1869,1868,1867,1912,1915,1916,1921,2436,2437,2438,2439,2440,2441,2426,2419,2416,2415,.,2411,2410,2409,2408,2323,2324,2389,2390,2391,2392,2393,2394,2395,2378,2375,2372,2369,2368,.,.,.,.,.
.,.,.,.,.,.,.,.,.,.,.,.,1135,1132,1131,1128,1127,1124,1123,988,989,992,993,.,1089,1088,1083,1082,1003,1004,1005,1006,1007,1008,1009,922,903,904,905,468,469,470,471,472,385,340,339,336,335,250,241,200,199,198,63,62,61,50,51,230,229,.,223,222,221,654,653,660,659,684,707,706,705,762,767,894,895,890,889,1174,1175,1248,1247,1256,1255,1282,1283,1290,1367,1366,1391,1392,1451,1450,1449,1448,1609,1608,1637,1642,1643,1866,1913,1914,1923,1922,2435,2434,2433,2432,2431,2430,2427,2418,2417,2414,2413,2412,2317,2318,2321,2322,2325,2388,2387,2384,2383,2382,2381,2380,2379,2374,2373,2366,2367,.,.,.,.,.
.,.,.,.,.,.,.,.,.,.,.,.,1134,1133,1130,1129,1126,1125,.,987,990,991,994,995,996,997,998,1001,1002,937,936,935,932,931,924,923,902,901,900,681,680,679,678,473,384,341,338,337,248,249,242,195,196,197,64,47,48,49,40,39,228,227,224,219,220,655,656,657,658,685,700,701,704,763,766,.,896,897,898,1173,.,1249,1250,1253,1254,1285,1284,1289,1368,1369,1390,.,1452,1453,1454,1455,1606,1607,1638,1641,1644,1865,1864,1863,1924,1937,1938,2111,2112,2113,2114,2429,2428,2307,2308,2311,2312,2315,2316,2319,2320,.,2326,2327,2386,2385,2332,2333,2334,2351,2352,2353,2364,2365,.,.,.,.,.,.
.,.,.,.,.,.,.,.,.,.,.,.,.,.,.,.,983,984,985,986,973,972,971,964,963,962,999,1000,939,938,.,934,933,930,925,926,.,898,899,682,683,676,677,474,383,342,343,344,247,244,243,194,193,192,65,46,45,42,41,38,37,226,225,218,217,216,215,214,213,686,699,702,703,764,765,902,901,900,899,1172,1171,1170,1251,1252,.,1286,1287,1288,.,1370,1389,1388,1459,1458,1457,1456,1605,1604,1639,1640,1645,1858,1859,1862,1925,1936,1939,2110,2109,2108,2115,2128,2129,2306,2309,2310,2313,2314,.,2298,2297,2296,2295,2328,2329,2330,2331,.,2335,2350,2349,2354,2363,2362,2361,.,.,.,.,.
.,.,.,.,.,.,.,.,.,.,.,.,.,.,.,.,982,981,980,979,974,969,970,965,.,961,960,959,940,885,886,889,890,929,928,927,896,897,710,709,684,675,476,475,382,347,346,345,246,245,188,189,190,191,66,.,44,43,34,35,36,13,14,17,18,207,208,211,212,687,698,913,912,911,.,903,904,905,1166,1167,1168,1169,1160,1159,1156,1155,.,1373,1372,1371,1386,1387,1460,1461,1586,1587,1602,1603,1648,1647,1646,1857,1860,1861,1926,1935,1940,1941,2106,2107,2116,2127,2130,2305,2304,2303,2302,2301,2300,2299,2278,2279,2294,2293,2292,2291,2290,2289,2336,2347,2348,2355,2356,2359,2360,.,.,.,.,.
.,.,.,.,.,.,.,.,.,.,.,.,.,.,.,.,.,.,.,978,975,968,967,966,955,956,957,958,941,884,887,888,891,892,893,894,895,712,711,708,685,674,477,380,381,348,349,350,351,352,187,186,185,68,67,72,73,74,33,32,11,12,15,16,19,206,209,210,689,688,697,914,915,910,909,908,907,906,1165,1164,1163,1162,1161,1158,1157,1154,1153,1374,1375,1384,1385,1464,1463,1462,1585,1588,1601,.,1649,1650,1651,1856,1855,1854,1927,1934,.,1942,2105,.,2117,2126,2131,2142,2143,2158,2159,2160,2275,2276,2277,2280,2281,2282,2283,2284,2287,2288,2337,2346,2345,2344,2357,2358,.,.,.,.,.,.
.,.,.,.,.,.,.,.,.,.,.,.,.,.,.,.,.,.,.,977,976,951,952,953,954,945,944,943,942,883,882,881,880,853,852,715,714,713,706,707,686,673,478,379,378,359,358,357,356,353,182,183,184,69,70,71,76,75,30,31,10,9,8,21,20,205,204,.,690,691,696,917,916,941,942,947,948,949,1078,1079,1080,1091,1092,1147,1148,1151,1152,1377,1376,1383,1382,1465,1466,1467,1584,1589,1600,1599,1598,.,1652,1851,1852,1853,1928,1933,1944,1943,2104,2119,2118,2125,2132,2141,2144,2157,2162,2161,2274,2273,2272,2271,2270,2269,2268,2285,2286,.,2338,2341,2342,2343,.,.,.,.,.,.,.,.
.,.,.,.,.,.,.,.,.,.,.,.,.,.,.,.,.,.,.,.,.,950,949,948,947,946,873,874,875,876,877,878,879,854,851,716,703,704,705,688,687,672,479,.,377,360,361,.,355,354,181,180,149,148,137,136,77,78,29,28,15,14,7,22,25,26,203,202,201,692,695,918,939,940,943,946,951,950,1077,1076,1081,1090,1093,1146,1149,1150,.,1378,1379,1380,1381,1472,1471,1468,1583,1590,1593,1594,1597,1654,1653,1850,1849,1848,1929,1932,1945,1946,2103,2120,2123,2124,2133,2140,2145,2156,2163,2174,2175,2190,2191,2192,2265,2266,2267,.,2259,2258,2339,2340,.,.,.,.,.,.,.,.,.,.
.,.,.,.,.,.,.,.,.,.,.,.,.,.,.,.,.,.,.,.,.,.,868,869,870,871,872,861,860,859,858,857,856,855,850,717,702,693,692,689,670,671,480,481,376,375,362,365,366,.,178,179,150,147,138,135,80,79,26,27,16,13,6,23,24,27,198,199,200,693,694,919,938,.,944,945,952,953,1074,1075,1082,1089,1094,1145,1144,1143,1142,1141,1476,1475,1474,1473,1470,1469,1582,1591,1592,1595,1596,1655,1812,1813,1814,1847,1930,1931,.,1947,2102,2121,2122,.,2134,2139,2146,2155,2164,2173,2176,2189,2188,2193,2264,2263,2262,2261,2260,2257,2256,2255,.,.,.,.,.,.,.,.,.,.
.,.,.,.,.,.,.,.,.,.,.,.,.,.,.,.,.,.,.,.,.,.,867,866,865,864,863,862,839,840,841,842,.,848,849,718,701,694,691,690,669,668,667,482,.,374,363,364,367,368,177,152,151,146,139,134,81,.,25,24,17,12,5,4,3,28,197,196,195,194,921,920,937,936,935,956,955,954,1073,1084,1083,1088,1095,1120,1121,1138,1139,1140,1477,1478,1479,1546,1547,1580,1581,1662,1661,1660,1659,1656,1811,1810,1815,1846,1843,1842,1949,1948,2101,2100,2099,2098,2135,2138,2147,2154,2165,2172,2177,2186,2187,2194,2209,2210,2211,2234,2235,2252,2253,2254,.,.,.,.,.,.,.,.,.,.
.,.,.,.,.,.,.,.,.,.,.,.,.,.,.,.,.,.,.,.,.,831,832,833,834,835,836,837,838,801,800,843,846,847,720,719,700,695,696,663,664,665,666,483,484,373,372,371,370,369,176,153,.,145,140,133,82,85,86,23,18,11,2,1,2,29,190,191,192,193,922,923,930,931,934,957,958,959,1072,1085,1086,1087,1096,1119,1122,1137,1136,1485,1484,1483,1480,1545,1548,1579,.,1663,1664,1665,1658,1657,1808,1809,1816,1845,1844,1841,1950,1991,1992,1997,1998,2097,2136,2137,2148,2153,2166,2171,2178,2185,2196,2195,2208,2207,2212,2233,2236,2251,2250,2249,2248,.,.,.,.,.,.,.,.,.
.,.,.,.,.,.,.,.,.,.,.,.,.,.,.,.,.,.,.,.,.,830,829,826,825,824,823,810,809,802,799,844,845,722,721,.,699,698,697,662,661,660,509,508,485,486,487,488,489,490,175,154,155,144,141,132,83,84,87,22,19,10,1,0,1,30,189,188,187,186,185,924,929,932,933,.,961,960,1071,1070,1069,.,1097,1118,1123,1134,1135,1486,1487,1482,1481,1544,1549,1578,1577,1668,1667,1666,1791,1792,1807,1806,1817,1818,1839,1840,1951,1990,1993,1996,1999,2096,2095,2094,2149,2152,2167,2170,2179,2184,2197,2202,2203,2206,2213,2232,2237,2238,2241,2242,2247,2246,.,.,.,.,.,.,.,.
.,.,.,.,.,.,.,.,.,.,.,.,.,.,.,.,.,.,.,.,.,.,828,827,.,821,822,811,808,803,798,795,794,723,726,727,654,655,656,657,658,659,510,507,506,503,502,493,492,491,174,157,156,143,142,131,130,89,88,21,20,9,2,1,2,31,62,63,76,77,184,925,928,965,964,963,962,1019,1020,1021,1068,1099,1098,1117,1124,1133,1132,1131,1488,1489,1542,1543,1550,1575,1576,1669,1670,1671,1790,1793,1804,1805,.,1819,1838,1837,1952,1989,1994,1995,2000,2091,2092,2093,2150,2151,2168,2169,2180,2183,2198,2201,2204,2205,2214,2231,.,2239,2240,2243,2244,2245,.,.,.,.,.,.,.,.
.,.,.,.,.,.,.,.,.,.,.,.,.,.,.,.,.,.,.,.,.,.,.,.,.,820,819,812,807,804,797,796,793,724,725,728,653,652,649,648,647,646,511,.,505,504,501,494,495,496,173,158,159,160,161,.,129,90,91,92,93,8,3,2,3,32,61,64,75,78,183,926,927,966,969,970,971,1018,1023,1022,1067,1100,1101,1116,1125,1126,1129,1130,1491,1490,1541,1540,1551,1574,1675,1674,1673,1672,1789,1794,1803,1802,1801,1820,1821,1836,1953,1988,1987,.,2001,2090,2089,2088,2087,2086,2085,2084,2181,2182,2199,2200,.,.,2215,2230,2229,.,.,.,.,.,.,.,.,.,.,.,.,.
.,.,.,.,.,.,.,.,.,.,.,.,.,.,.,.,.,.,.,.,.,.,.,.,.,817,818,813,806,805,790,791,792,751,750,729,.,651,650,643,644,645,512,513,514,515,500,499,498,497,172,171,170,163,162,127,128,99,98,95,94,7,4,35,34,33,60,65,74,79,182,181,180,967,968,973,972,1017,1024,1065,1066,1103,1102,1115,1114,1127,1128,1493,1492,1517,1518,1539,1552,1573,1676,1677,1678,1679,1788,1795,1796,1799,1800,1823,1822,1835,1954,1985,1986,2003,2002,2015,2016,2057,2058,2059,2082,2083,2076,2075,.,.,.,2217,2216,2227,2228,.,.,.,.,.,.,.,.,.,.,.,.,.
.,.,.,.,.,.,.,.,.,.,.,.,.,.,.,.,.,.,.,.,.,.,.,.,.,816,815,814,.,788,789,756,755,752,749,730,639,640,641,642,613,612,611,576,575,516,517,518,519,520,521,168,169,164,.,126,125,100,97,96,.,6,5,36,37,58,59,66,73,80,177,178,179,980,979,974,975,1016,1025,1064,1063,1104,1105,1112,1113,1496,1495,1494,1515,1516,1519,1538,1553,1572,1571,1682,1681,1680,1787,1786,1797,1798,.,1824,1833,1834,1955,1984,.,2004,2013,2014,2017,2056,2061,2060,2081,2080,2077,2074,.,.,.,2218,2219,2226,2225,2224,.,.,.,.,.,.,.,.,.,.,.,.
.,.,.,.,.,.,.,.,.,.,.,.,.,.,.,.,.,.,.,.,.,.,.,.,.,.,.,783,784,787,758,757,754,753,748,731,638,637,634,633,614,609,610,577,574,567,566,561,560,523,522,167,166,165,122,123,124,101,102,.,.,.,40,39,38,57,68,67,72,81,176,175,.,981,978,977,976,1015,1026,1027,1062,.,1106,1111,1110,1497,1498,1499,1514,1513,1520,1537,1554,1569,1570,1683,1684,1725,1726,1785,1784,1783,1782,1825,1832,1831,1956,1983,1982,2005,2012,2019,2018,2055,2062,2063,2064,2079,2078,2073,2072,.,.,.,2220,2221,2222,2223,.,.,.,.,.,.,.,.,.,.,.,.
.,.,.,.,.,.,.,.,.,.,.,.,.,.,.,.,.,.,.,.,.,.,.,.,.,.,.,782,785,786,759,760,745,746,747,732,733,636,635,632,615,608,607,578,573,568,565,562,559,524,525,526,527,528,121,120,113,112,103,104,105,.,41,42,43,56,69,70,71,82,83,174,173,982,983,1002,1003,1014,1013,1028,1061,1060,1107,1108,1109,1502,1501,1500,1511,1512,1521,1536,1555,1568,.,.,1685,1724,1727,1728,1739,1740,1781,1826,1827,1830,1957,1980,1981,2006,2011,2020,2021,2054,2053,2052,2065,2068,2069,2070,2071,.,.,.,.,.,.,.,.,.,.,.,.,.,.,.,.,.,.,.
.,.,.,.,.,.,.,.,.,.,.,.,.,.,.,.,.,.,.,.,.,.,.,.,.,.,780,781,766,765,762,761,744,741,740,735,734,.,630,631,616,605,606,579,572,569,564,563,558,541,540,537,536,529,530,119,114,111,110,109,106,.,.,.,44,55,54,53,.,.,84,171,172,.,984,1001,1004,1011,1012,1029,1030,1059,1058,1057,1056,1503,1504,1509,1510,1523,1522,1535,1556,1567,1566,1687,1686,1723,.,1729,1738,1741,1780,1779,1828,1829,1958,1979,1978,2007,2010,2023,2022,2049,2050,2051,2066,2067,.,.,.,.,.,.,.,.,.,.,.,.,.,.,.,.,.,.,.,.,.,.
.,.,.,.,.,.,.,.,.,.,.,.,.,.,.,.,.,.,.,.,.,.,.,.,.,778,779,768,767,764,763,.,743,742,739,736,627,628,629,618,617,604,581,580,571,570,555,556,557,542,539,538,535,534,531,118,115,.,.,108,107,.,.,.,45,48,49,52,87,86,85,170,169,168,985,1000,1005,1010,1009,1032,1031,1046,1047,1048,1055,.,1505,1508,.,1524,1525,1534,1557,1564,1565,1688,1721,1722,1731,1730,1737,1742,1777,1778,1961,1960,1959,1976,1977,2008,2009,2024,2025,2048,2047,2046,.,.,.,.,.,.,.,.,.,.,.,.,.,.,.,.,.,.,.,.,.,.,.,.
.,.,.,.,.,.,.,.,.,.,.,.,.,.,.,.,.,.,.,.,.,.,.,.,776,777,770,769,.,.,.,.,.,.,738,737,626,623,622,619,602,603,582,583,584,553,554,547,546,543,.,.,.,533,532,117,116,.,.,.,.,.,.,.,46,47,50,51,88,89,90,91,166,167,986,999,1006,1007,1008,1033,1044,1045,.,1049,1054,.,1506,1507,1528,1527,1526,1533,1558,1563,1690,1689,1720,1719,1732,1733,1736,1743,1776,.,1962,1963,1964,1975,1974,1973,.,2027,2026,2041,2042,2045,.,.,.,.,.,.,.,.,.,.,.,.,.,.,.,.,.,.,.,.,.,.,.,.
.,.,.,.,.,.,.,.,.,.,.,.,.,.,.,.,.,.,.,.,.,.,.,.,775,774,771,.,.,.,.,.,.,.,.,.,625,624,621,620,601,600,589,588,585,552,549,548,545,544,.,.,.,.,.,.,.,.,.,.,.,.,.,.,.,.,.,96,95,94,93,92,165,.,987,998,997,996,1035,1034,1043,1042,.,1050,1053,.,.,.,1529,1530,1531,1532,1559,1562,1691,1696,1697,1718,1717,1734,1735,1744,1775,1774,1773,.,1965,1968,1969,1972,2029,2028,2039,2040,2043,2044,.,.,.,.,.,.,.,.,.,.,.,.,.,.,.,.,.,.,.,.,.,.,.,.
.,.,.,.,.,.,.,.,.,.,.,.,.,.,.,.,.,.,.,.,.,.,.,.,.,773,772,.,.,.,.,.,.,.,.,.,.,.,.,597,598,599,590,587,586,551,550,.,.,.,.,.,.,.,.,.,.,.,.,.,.,.,.,.,.,.,.,97,98,99,100,101,164,163,988,991,992,995,1036,1037,1040,1041,.,1051,1052,.,.,.,.,.,.,.,1560,1561,1692,1695,1698,1715,1716,1747,1746,1745,1770,1771,1772,.,1966,1967,1970,1971,2030,2031,2038,.,.,.,.,.,.,.,.,.,.,.,.,.,.,.,.,.,.,.,.,.,.,.,.,.,.,.
.,.,.,.,.,.,.,.,.,.,.,.,.,.,.,.,.,.,.,.,.,.,.,.,.,.,.,.,.,.,.,.,.,.,.,.,.,.,.,596,595,592,591,.,.,.,.,.,.,.,.,.,.,.,.,.,.,.,.,.,.,.,.,.,.,110,109,108,105,104,103,102,161,162,989,990,993,994,.,1038,1039,.,.,.,.,.,.,.,.,.,.,.,.,.,1693,1694,1699,1714,1713,1748,1749,1750,1769,1768,1767,.,.,.,.,.,2033,2032,2037,.,.,.,.,.,.,.,.,.,.,.,.,.,.,.,.,.,.,.,.,.,.,.,.,.,.,.
.,.,.,.,.,.,.,.,.,.,.,.,.,.,.,.,.,.,.,.,.,.,.,.,.,.,.,.,.,.,.,.,.,.,.,.,.,.,.,.,594,593,.,.,.,.,.,.,.,.,.,.,.,.,.,.,.,.,.,.,.,.,.,.,.,111,112,107,106,135,136,137,160,157,156,.,.,.,.,.,.,.,.,.,.,.,.,.,.,.,.,.,.,.,.,1701,1700,1711,1712,1753,1752,1751,1764,1765,1766,.,.,.,.,.,2034,2035,2036,.,.,.,.,.,.,.,.,.,.,.,.,.,.,.,.,.,.,.,.,.,.,.,.,.,.,.
.,.,.,.,.,.,.,.,.,.,.,.,.,.,.,.,.,.,.,.,.,.,.,.,.,.,.,.,.,.,.,.,.,.,.,.,.,.,.,.,.,.,.,.,.,.,.,.,.,.,.,.,.,.,.,.,.,.,.,.,.,.,.,.,.,.,113,114,133,134,139,138,159,158,155,.,.,.,.,.,.,.,.,.,.,.,.,.,.,.,.,.,.,.,.,1702,1703,1710,.,1754,1755,1756,1763,.,.,.,.,.,.,.,.,.,.,.,.,.,.,.,.,.,.,.,.,.,.,.,.,.,.,.,.,.,.,.,.,.,.,.,.,.
.,.,.,.,.,.,.,.,.,.,.,.,.,.,.,.,.,.,.,.,.,.,.,.,.,.,.,.,.,.,.,.,.,.,.,.,.,.,.,.,.,.,.,.,.,.,.,.,.,.,.,.,.,.,.,.,.,.,.,.,.,.,.,.,.,.,.,115,132,131,140,141,150,151,154,.,.,.,.,.,.,.,.,.,.,.,.,.,.,.,.,.,.,.,.,1705,1704,1709,.,.,.,1757,1762,1761,.,.,.,.,.,.,.,.,.,.,.,.,.,.,.,.,.,.,.,.,.,.,.,.,.,.,.,.,.,.,.,.,.,.,.,.
.,.,.,.,.,.,.,.,.,.,.,.,.,.,.,.,.,.,.,.,.,.,.,.,.,.,.,.,.,.,.,.,.,.,.,.,.,.,.,.,.,.,.,.,.,.,.,.,.,.,.,.,.,.,.,.,.,.,.,.,.,.,.,.,.,118,117,116,129,130,143,142,149,152,153,.,.,.,.,.,.,.,.,.,.,.,.,.,.,.,.,.,.,.,.,1706,1707,1708,.,.,.,1758,1759,1760,.,.,.,.,.,.,.,.,.,.,.,.,.,.,.,.,.,.,.,.,.,.,.,.,.,.,.,.,.,.,.,.,.,.,.,.
.,.,.,.,.,.,.,.,.,.,.,.,.,.,.,.,.,.,.,.,.,.,.,.,.,.,.,.,.,.,.,.,.,.,.,.,.,.,.,.,.,.,.,.,.,.,.,.,.,.,.,.,.,.,.,.,.,.,.,.,.,.,.,.,.,119,120,127,128,.,144,145,148,.,.,.,.,.,.,.,.,.,.,.,.,.,.,.,.,.,.,.,.,.,.,.,.,.,.,.,.,.,.,.,.,.,.,.,.,.,.,.,.,.,.,.,.,.,.,.,.,.,.,.,.,.,.,.,.,.,.,.,.,.,.,.,.,.,.,.
.,.,.,.,.,.,.,.,.,.,.,.,.,.,.,.,.,.,.,.,.,.,.,.,.,.,.,.,.,.,.,.,.,.,.,.,.,.,.,.,.,.,.,.,.,.,.,.,.,.,.,.,.,.,.,.,.,.,.,.,.,.,.,.,.,122,121,126,.,.,.,146,147,.,.,.,.,.,.,.,.,.,.,.,.,.,.,.,.,.,.,.,.,.,.,.,.,.,.,.,.,.,.,.,.,.,.,.,.,.,.,.,.,.,.,.,.,.,.,.,.,.,.,.,.,.,.,.,.,.,.,.,.,.,.,.,.,.,.,.
.,.,.,.,.,.,.,.,.,.,.,.,.,.,.,.,.,.,.,.,.,.,.,.,.,.,.,.,.,.,.,.,.,.,.,.,.,.,.,.,.,.,.,.,.,.,.,.,.,.,.,.,.,.,.,.,.,.,.,.,.,.,.,.,.,123,124,125,.,.,.,.,.,.,.,.,.,.,.,.,.,.,.,.,.,.,.,.,.,.,.,.,.,.,.,.,.,.,.,.,.,.,.,.,.,.,.,.,.,.,.,.,.,.,.,.,.,.,.,.,.,.,.,.,.,.,.,.,.,.,.,.,.,.,.,.,.,.,.,.
.,.,.,.,.,.,.,.,.,.,.,.,.,.,.,.,.,.,.,.,.,.,.,.,.,.,.,.,.,.,.,.,.,.,.,.,.,.,.,.,.,.,.,.,.,.,.,.,.,.,.,.,.,.,.,.,.,.,.,.,.,.,.,.,.,.,.,.,.,.,.,.,.,.,.,.,.,.,.,.,.,.,.,.,.,.,.,.,.,.,.,.,.,.,.,.,.,.,.,.,.,.,.,.,.,.,.,.,.,.,.,.,.,.,.,.,.,.,.,.,.,.,.,.,.,.,.,.,.,.,.,.,.,.,.,.,.,.,.,.
.,.,.,.,.,.,.,.,.,.,.,.,.,.,.,.,.,.,.,.,.,.,.,.,.,.,.,.,.,.,.,.,.,.,.,.,.,.,.,.,.,.,.,.,.,.,.,.,.,.,.,.,.,.,.,.,.,.,.,.,.,.,.,.,.,.,.,.,.,.,.,.,.,.,.,.,.,.,.,.,.,.,.,.,.,.,.,.,.,.,.,.,.,.,.,.,.,.,.,.,.,.,.,.,.,.,.,.,.,.,.,.,.,.,.,.,.,.,.,.,.,.,.,.,.,.,.,.,.,.,.,.,.,.,.,.,.,.,.,.
